cohort_month,modeled_redemption_points,development_month
2002-09,362.33,1
2002-10,412.43,1
2002-11,372.6,1
2002-12,364.55,1
2003-01,527.08,1
2003-02,267.76,1
2003-03,675.59,1
2003-04,385.82,1
2003-05,397.06,1
2003-06,392.11,1
2003-07,354.62,1
2003-08,363.17,1
2003-09,351.06,1
2003-10,334.38,1
2003-11,371.49,1
2003-12,313.38,1
2004-01,364.86,1
2004-02,318.47,1
2004-03,328.52,1
2004-04,490.97,1
2004-05,382.34,1
2004-06,341.05,1
2004-07,705.26,1
2004-08,408.29,1
2004-09,337.98,1
2004-10,339.6,1
2004-11,413.27,1
2004-12,543.38,1
2005-01,549.93,1
2005-02,393.88,1
2005-03,551.27,1
2005-04,307.13,1
2005-05,467.9,1
2005-06,386.98,1
2005-07,422.05,1
2005-08,491.74,1
2005-09,395.52,1
2005-10,407.52,1
2005-11,343.24,1
2005-12,350.9,1
2006-01,383.14,1
2006-02,316.86,1
2006-03,419.6,1
2006-04,406.68,1
2006-05,271.44,1
2006-06,325.72,1
2006-07,505.85,1
2006-08,352.4,1
2006-09,328.13,1
2006-10,495.15,1
2006-11,541.34,1
2006-12,408.86,1
2007-01,372.48,1
2007-02,396.6,1
2007-03,367.31,1
2007-04,389.58,1
2007-05,388.32,1
2007-06,352.05,1
2007-07,466.82,1
2007-08,320.93,1
2007-09,354.7,1
2007-10,405.49,1
2007-11,353.01,1
2007-12,428.34,1
2008-01,597.69,1
2008-02,370.95,1
2008-03,522.18,1
2008-04,297.74,1
2008-05,381.95,1
2008-06,325.18,1
2008-07,384.64,1
2008-08,366.74,1
2008-09,389.24,1
2008-10,450.95,1
2008-11,340.63,1
2008-12,427.19,1
2009-01,449.0,1
2009-02,324.99,1
2009-03,580.52,1
2009-04,256.68,1
2009-05,327.52,1
2009-06,332.27,1
2009-07,348.45,1
2009-08,385.94,1
2009-09,355.85,1
2009-10,464.06,1
2009-11,431.29,1
2009-12,440.1,1
2010-01,348.41,1
2010-02,226.59,1
2010-03,343.43,1
2010-04,370.91,1
2010-05,376.93,1
2010-06,457.62,1
2010-07,355.54,1
2010-08,321.96,1
2010-09,332.62,1
2010-10,498.03,1
2010-11,322.88,1
2010-12,407.68,1
2011-01,390.54,1
2011-02,266.95,1
2011-03,426.38,1
2011-04,338.06,1
2011-05,284.82,1
2011-06,454.4,1
2011-07,318.05,1
2011-08,444.97,1
2011-09,529.65,1
2011-10,275.0,1
2011-11,355.77,1
2011-12,499.56,1
2012-01,594.82,1
2012-02,358.68,1
2012-03,592.6,1
2012-04,406.06,1
2012-05,469.24,1
2012-06,335.0,1
2012-07,497.87,1
2012-08,484.57,1
2012-09,424.96,1
2012-10,326.18,1
2012-11,445.59,1
2012-12,579.64,1
2013-01,310.73,1
2013-02,286.66,1
2013-03,458.77,1
2013-04,327.94,1
2013-05,538.28,1
2013-06,454.52,1
2013-07,612.38,1
2013-08,562.92,1
2013-09,602.75,1
2013-10,360.45,1
2013-11,461.92,1
2013-12,360.26,1
2014-01,417.87,1
2014-02,282.48,1
2014-03,373.71,1
2014-04,440.07,1
2014-05,382.95,1
2014-06,378.31,1
2014-07,550.12,1
2014-08,313.87,1
2014-09,382.45,1
2014-10,476.9,1
2014-11,435.54,1
2014-12,420.48,1
2015-01,466.25,1
2015-02,378.85,1
2015-03,469.81,1
2015-04,392.92,1
2015-05,347.84,1
2015-06,487.98,1
2015-07,396.9,1
2015-08,295.7,1
2015-09,483.23,1
2015-10,369.57,1
2015-11,422.55,1
2015-12,405.41,1
2016-01,439.88,1
2016-02,392.8,1
2016-03,439.8,1
2016-04,350.29,1
2016-05,328.13,1
2016-06,331.66,1
2016-07,330.24,1
2016-08,384.75,1
2016-09,395.48,1
2016-10,364.97,1
2016-11,391.23,1
2016-12,366.2,1
2017-01,634.49,1
2017-02,385.71,1
2017-03,415.53,1
2017-04,270.86,1
2017-05,362.06,1
2017-06,416.57,1
2017-07,445.47,1
2017-08,358.46,1
2017-09,286.31,1
2017-10,388.78,1
2017-11,447.73,1
2017-12,533.18,1
2018-01,329.82,1
2018-02,404.88,1
2018-03,423.35,1
2018-04,339.94,1
2018-05,319.32,1
2018-06,370.53,1
2018-07,368.23,1
2018-08,326.52,1
2018-09,433.66,1
2018-10,498.26,1
2018-11,367.58,1
2018-12,441.98,1
2019-01,325.91,1
2019-02,389.24,1
2019-03,477.98,1
2019-04,372.68,1
2019-05,397.52,1
2019-06,353.4,1
2019-07,450.42,1
2019-08,354.39,1
2019-09,462.18,1
2019-10,353.59,1
2019-11,505.62,1
2019-12,556.22,1
2020-01,303.02,1
2002-09,362.33,2
2002-10,412.43,2
2002-11,372.6,2
2002-12,364.55,2
2003-01,527.08,2
2003-02,267.76,2
2003-03,675.59,2
2003-04,385.82,2
2003-05,397.06,2
2003-06,392.11,2
2003-07,354.62,2
2003-08,363.17,2
2003-09,351.06,2
2003-10,334.38,2
2003-11,371.49,2
2003-12,313.38,2
2004-01,364.86,2
2004-02,318.47,2
2004-03,328.52,2
2004-04,490.97,2
2004-05,382.34,2
2004-06,341.05,2
2004-07,705.26,2
2004-08,408.29,2
2004-09,337.98,2
2004-10,339.6,2
2004-11,413.27,2
2004-12,543.38,2
2005-01,549.93,2
2005-02,393.88,2
2005-03,551.27,2
2005-04,307.13,2
2005-05,467.9,2
2005-06,386.98,2
2005-07,422.05,2
2005-08,491.74,2
2005-09,395.52,2
2005-10,407.52,2
2005-11,343.24,2
2005-12,350.9,2
2006-01,383.14,2
2006-02,316.86,2
2006-03,419.6,2
2006-04,406.68,2
2006-05,271.44,2
2006-06,325.72,2
2006-07,505.85,2
2006-08,352.4,2
2006-09,328.13,2
2006-10,495.15,2
2006-11,541.34,2
2006-12,408.86,2
2007-01,372.48,2
2007-02,396.6,2
2007-03,367.31,2
2007-04,389.58,2
2007-05,388.32,2
2007-06,352.05,2
2007-07,466.82,2
2007-08,320.93,2
2007-09,354.7,2
2007-10,405.49,2
2007-11,353.01,2
2007-12,428.34,2
2008-01,597.69,2
2008-02,370.95,2
2008-03,522.18,2
2008-04,297.74,2
2008-05,381.95,2
2008-06,325.18,2
2008-07,384.64,2
2008-08,366.74,2
2008-09,389.24,2
2008-10,450.95,2
2008-11,340.63,2
2008-12,427.19,2
2009-01,449.0,2
2009-02,324.99,2
2009-03,580.52,2
2009-04,256.68,2
2009-05,327.52,2
2009-06,332.27,2
2009-07,348.45,2
2009-08,385.94,2
2009-09,355.85,2
2009-10,464.06,2
2009-11,431.29,2
2009-12,440.1,2
2010-01,348.41,2
2010-02,226.59,2
2010-03,343.43,2
2010-04,370.91,2
2010-05,376.93,2
2010-06,457.62,2
2010-07,355.54,2
2010-08,321.96,2
2010-09,332.62,2
2010-10,498.03,2
2010-11,322.88,2
2010-12,407.68,2
2011-01,390.54,2
2011-02,266.95,2
2011-03,426.38,2
2011-04,338.06,2
2011-05,284.82,2
2011-06,454.4,2
2011-07,318.05,2
2011-08,444.97,2
2011-09,529.65,2
2011-10,275.0,2
2011-11,355.77,2
2011-12,499.56,2
2012-01,594.82,2
2012-02,358.68,2
2012-03,592.6,2
2012-04,406.06,2
2012-05,469.24,2
2012-06,335.0,2
2012-07,497.87,2
2012-08,484.57,2
2012-09,424.96,2
2012-10,326.18,2
2012-11,445.59,2
2012-12,579.64,2
2013-01,310.73,2
2013-02,286.66,2
2013-03,458.77,2
2013-04,327.94,2
2013-05,538.28,2
2013-06,454.52,2
2013-07,612.38,2
2013-08,562.92,2
2013-09,602.75,2
2013-10,360.45,2
2013-11,461.92,2
2013-12,360.26,2
2014-01,417.87,2
2014-02,282.48,2
2014-03,373.71,2
2014-04,440.07,2
2014-05,382.95,2
2014-06,378.31,2
2014-07,550.12,2
2014-08,313.87,2
2014-09,382.45,2
2014-10,476.9,2
2014-11,435.54,2
2014-12,420.48,2
2015-01,466.25,2
2015-02,378.85,2
2015-03,469.81,2
2015-04,392.92,2
2015-05,347.84,2
2015-06,487.98,2
2015-07,396.9,2
2015-08,295.7,2
2015-09,483.23,2
2015-10,369.57,2
2015-11,422.55,2
2015-12,405.41,2
2016-01,439.88,2
2016-02,392.8,2
2016-03,439.8,2
2016-04,350.29,2
2016-05,328.13,2
2016-06,331.66,2
2016-07,330.24,2
2016-08,384.75,2
2016-09,395.48,2
2016-10,364.97,2
2016-11,391.23,2
2016-12,366.2,2
2017-01,634.49,2
2017-02,385.71,2
2017-03,415.53,2
2017-04,270.86,2
2017-05,362.06,2
2017-06,416.57,2
2017-07,445.47,2
2017-08,358.46,2
2017-09,286.31,2
2017-10,388.78,2
2017-11,447.73,2
2017-12,533.18,2
2018-01,329.82,2
2018-02,404.88,2
2018-03,423.35,2
2018-04,339.94,2
2018-05,319.32,2
2018-06,370.53,2
2018-07,368.23,2
2018-08,326.52,2
2018-09,433.66,2
2018-10,498.26,2
2018-11,367.58,2
2018-12,441.98,2
2019-01,325.91,2
2019-02,389.24,2
2019-03,477.98,2
2019-04,372.68,2
2019-05,397.52,2
2019-06,353.4,2
2019-07,450.42,2
2019-08,354.39,2
2019-09,462.18,2
2019-10,353.59,2
2019-11,505.62,2
2019-12,556.22,2
2002-09,362.33,3
2002-10,412.43,3
2002-11,372.6,3
2002-12,364.55,3
2003-01,527.08,3
2003-02,267.76,3
2003-03,675.59,3
2003-04,385.82,3
2003-05,397.06,3
2003-06,392.11,3
2003-07,354.62,3
2003-08,363.17,3
2003-09,351.06,3
2003-10,334.38,3
2003-11,371.49,3
2003-12,313.38,3
2004-01,364.86,3
2004-02,318.47,3
2004-03,328.52,3
2004-04,490.97,3
2004-05,382.34,3
2004-06,341.05,3
2004-07,705.26,3
2004-08,408.29,3
2004-09,337.98,3
2004-10,339.6,3
2004-11,413.27,3
2004-12,543.38,3
2005-01,549.93,3
2005-02,393.88,3
2005-03,551.27,3
2005-04,307.13,3
2005-05,467.9,3
2005-06,386.98,3
2005-07,422.05,3
2005-08,491.74,3
2005-09,395.52,3
2005-10,407.52,3
2005-11,343.24,3
2005-12,350.9,3
2006-01,383.14,3
2006-02,316.86,3
2006-03,419.6,3
2006-04,406.68,3
2006-05,271.44,3
2006-06,325.72,3
2006-07,505.85,3
2006-08,352.4,3
2006-09,328.13,3
2006-10,495.15,3
2006-11,541.34,3
2006-12,408.86,3
2007-01,372.48,3
2007-02,396.6,3
2007-03,367.31,3
2007-04,389.58,3
2007-05,388.32,3
2007-06,352.05,3
2007-07,466.82,3
2007-08,320.93,3
2007-09,354.7,3
2007-10,405.49,3
2007-11,353.01,3
2007-12,428.34,3
2008-01,597.69,3
2008-02,370.95,3
2008-03,522.18,3
2008-04,297.74,3
2008-05,381.95,3
2008-06,325.18,3
2008-07,384.64,3
2008-08,366.74,3
2008-09,389.24,3
2008-10,450.95,3
2008-11,340.63,3
2008-12,427.19,3
2009-01,449.0,3
2009-02,324.99,3
2009-03,580.52,3
2009-04,256.68,3
2009-05,327.52,3
2009-06,332.27,3
2009-07,348.45,3
2009-08,385.94,3
2009-09,355.85,3
2009-10,464.06,3
2009-11,431.29,3
2009-12,440.1,3
2010-01,348.41,3
2010-02,226.59,3
2010-03,343.43,3
2010-04,370.91,3
2010-05,376.93,3
2010-06,457.62,3
2010-07,355.54,3
2010-08,321.96,3
2010-09,332.62,3
2010-10,498.03,3
2010-11,322.88,3
2010-12,407.68,3
2011-01,390.54,3
2011-02,266.95,3
2011-03,426.38,3
2011-04,338.06,3
2011-05,284.82,3
2011-06,454.4,3
2011-07,318.05,3
2011-08,444.97,3
2011-09,529.65,3
2011-10,275.0,3
2011-11,355.77,3
2011-12,499.56,3
2012-01,594.82,3
2012-02,358.68,3
2012-03,592.6,3
2012-04,406.06,3
2012-05,469.24,3
2012-06,335.0,3
2012-07,497.87,3
2012-08,484.57,3
2012-09,424.96,3
2012-10,326.18,3
2012-11,445.59,3
2012-12,579.64,3
2013-01,310.73,3
2013-02,286.66,3
2013-03,458.77,3
2013-04,327.94,3
2013-05,538.28,3
2013-06,454.52,3
2013-07,612.38,3
2013-08,562.92,3
2013-09,602.75,3
2013-10,360.45,3
2013-11,461.92,3
2013-12,360.26,3
2014-01,417.87,3
2014-02,282.48,3
2014-03,373.71,3
2014-04,440.07,3
2014-05,382.95,3
2014-06,378.31,3
2014-07,550.12,3
2014-08,313.87,3
2014-09,382.45,3
2014-10,476.9,3
2014-11,435.54,3
2014-12,420.48,3
2015-01,466.25,3
2015-02,378.85,3
2015-03,469.81,3
2015-04,392.92,3
2015-05,347.84,3
2015-06,487.98,3
2015-07,396.9,3
2015-08,295.7,3
2015-09,483.23,3
2015-10,369.57,3
2015-11,422.55,3
2015-12,405.41,3
2016-01,439.88,3
2016-02,392.8,3
2016-03,439.8,3
2016-04,350.29,3
2016-05,328.13,3
2016-06,331.66,3
2016-07,330.24,3
2016-08,384.75,3
2016-09,395.48,3
2016-10,364.97,3
2016-11,391.23,3
2016-12,366.2,3
2017-01,634.49,3
2017-02,385.71,3
2017-03,415.53,3
2017-04,270.86,3
2017-05,362.06,3
2017-06,416.57,3
2017-07,445.47,3
2017-08,358.46,3
2017-09,286.31,3
2017-10,388.78,3
2017-11,447.73,3
2017-12,533.18,3
2018-01,329.82,3
2018-02,404.88,3
2018-03,423.35,3
2018-04,339.94,3
2018-05,319.32,3
2018-06,370.53,3
2018-07,368.23,3
2018-08,326.52,3
2018-09,433.66,3
2018-10,498.26,3
2018-11,367.58,3
2018-12,441.98,3
2019-01,325.91,3
2019-02,389.24,3
2019-03,477.98,3
2019-04,372.68,3
2019-05,397.52,3
2019-06,353.4,3
2019-07,450.42,3
2019-08,354.39,3
2019-09,462.18,3
2019-10,353.59,3
2019-11,505.62,3
2002-09,362.33,4
2002-10,412.43,4
2002-11,372.6,4
2002-12,364.55,4
2003-01,527.08,4
2003-02,267.76,4
2003-03,675.59,4
2003-04,385.82,4
2003-05,397.06,4
2003-06,392.11,4
2003-07,354.62,4
2003-08,363.17,4
2003-09,351.06,4
2003-10,334.38,4
2003-11,371.49,4
2003-12,313.38,4
2004-01,364.86,4
2004-02,318.47,4
2004-03,328.52,4
2004-04,490.97,4
2004-05,382.34,4
2004-06,341.05,4
2004-07,705.26,4
2004-08,408.29,4
2004-09,337.98,4
2004-10,339.6,4
2004-11,413.27,4
2004-12,543.38,4
2005-01,549.93,4
2005-02,393.88,4
2005-03,551.27,4
2005-04,307.13,4
2005-05,467.9,4
2005-06,386.98,4
2005-07,422.05,4
2005-08,491.74,4
2005-09,395.52,4
2005-10,407.52,4
2005-11,343.24,4
2005-12,350.9,4
2006-01,383.14,4
2006-02,316.86,4
2006-03,419.6,4
2006-04,406.68,4
2006-05,271.44,4
2006-06,325.72,4
2006-07,505.85,4
2006-08,352.4,4
2006-09,328.13,4
2006-10,495.15,4
2006-11,541.34,4
2006-12,408.86,4
2007-01,372.48,4
2007-02,396.6,4
2007-03,367.31,4
2007-04,389.58,4
2007-05,388.32,4
2007-06,352.05,4
2007-07,466.82,4
2007-08,320.93,4
2007-09,354.7,4
2007-10,405.49,4
2007-11,353.01,4
2007-12,428.34,4
2008-01,597.69,4
2008-02,370.95,4
2008-03,522.18,4
2008-04,297.74,4
2008-05,381.95,4
2008-06,325.18,4
2008-07,384.64,4
2008-08,366.74,4
2008-09,389.24,4
2008-10,450.95,4
2008-11,340.63,4
2008-12,427.19,4
2009-01,449.0,4
2009-02,324.99,4
2009-03,580.52,4
2009-04,256.68,4
2009-05,327.52,4
2009-06,332.27,4
2009-07,348.45,4
2009-08,385.94,4
2009-09,355.85,4
2009-10,464.06,4
2009-11,431.29,4
2009-12,440.1,4
2010-01,348.41,4
2010-02,226.59,4
2010-03,343.43,4
2010-04,370.91,4
2010-05,376.93,4
2010-06,457.62,4
2010-07,355.54,4
2010-08,321.96,4
2010-09,332.62,4
2010-10,498.03,4
2010-11,322.88,4
2010-12,407.68,4
2011-01,390.54,4
2011-02,266.95,4
2011-03,426.38,4
2011-04,338.06,4
2011-05,284.82,4
2011-06,454.4,4
2011-07,318.05,4
2011-08,444.97,4
2011-09,529.65,4
2011-10,275.0,4
2011-11,355.77,4
2011-12,499.56,4
2012-01,594.82,4
2012-02,358.68,4
2012-03,592.6,4
2012-04,406.06,4
2012-05,469.24,4
2012-06,335.0,4
2012-07,497.87,4
2012-08,484.57,4
2012-09,424.96,4
2012-10,326.18,4
2012-11,445.59,4
2012-12,579.64,4
2013-01,310.73,4
2013-02,286.66,4
2013-03,458.77,4
2013-04,327.94,4
2013-05,538.28,4
2013-06,454.52,4
2013-07,612.38,4
2013-08,562.92,4
2013-09,602.75,4
2013-10,360.45,4
2013-11,461.92,4
2013-12,360.26,4
2014-01,417.87,4
2014-02,282.48,4
2014-03,373.71,4
2014-04,440.07,4
2014-05,382.95,4
2014-06,378.31,4
2014-07,550.12,4
2014-08,313.87,4
2014-09,382.45,4
2014-10,476.9,4
2014-11,435.54,4
2014-12,420.48,4
2015-01,466.25,4
2015-02,378.85,4
2015-03,469.81,4
2015-04,392.92,4
2015-05,347.84,4
2015-06,487.98,4
2015-07,396.9,4
2015-08,295.7,4
2015-09,483.23,4
2015-10,369.57,4
2015-11,422.55,4
2015-12,405.41,4
2016-01,439.88,4
2016-02,392.8,4
2016-03,439.8,4
2016-04,350.29,4
2016-05,328.13,4
2016-06,331.66,4
2016-07,330.24,4
2016-08,384.75,4
2016-09,395.48,4
2016-10,364.97,4
2016-11,391.23,4
2016-12,366.2,4
2017-01,634.49,4
2017-02,385.71,4
2017-03,415.53,4
2017-04,270.86,4
2017-05,362.06,4
2017-06,416.57,4
2017-07,445.47,4
2017-08,358.46,4
2017-09,286.31,4
2017-10,388.78,4
2017-11,447.73,4
2017-12,533.18,4
2018-01,329.82,4
2018-02,404.88,4
2018-03,423.35,4
2018-04,339.94,4
2018-05,319.32,4
2018-06,370.53,4
2018-07,368.23,4
2018-08,326.52,4
2018-09,433.66,4
2018-10,498.26,4
2018-11,367.58,4
2018-12,441.98,4
2019-01,325.91,4
2019-02,389.24,4
2019-03,477.98,4
2019-04,372.68,4
2019-05,397.52,4
2019-06,353.4,4
2019-07,450.42,4
2019-08,354.39,4
2019-09,462.18,4
2019-10,353.59,4
2002-09,362.33,5
2002-10,412.43,5
2002-11,372.6,5
2002-12,364.55,5
2003-01,527.08,5
2003-02,267.76,5
2003-03,675.59,5
2003-04,385.82,5
2003-05,397.06,5
2003-06,392.11,5
2003-07,354.62,5
2003-08,363.17,5
2003-09,351.06,5
2003-10,334.38,5
2003-11,371.49,5
2003-12,313.38,5
2004-01,364.86,5
2004-02,318.47,5
2004-03,328.52,5
2004-04,490.97,5
2004-05,382.34,5
2004-06,341.05,5
2004-07,705.26,5
2004-08,408.29,5
2004-09,337.98,5
2004-10,339.6,5
2004-11,413.27,5
2004-12,543.38,5
2005-01,549.93,5
2005-02,393.88,5
2005-03,551.27,5
2005-04,307.13,5
2005-05,467.9,5
2005-06,386.98,5
2005-07,422.05,5
2005-08,491.74,5
2005-09,395.52,5
2005-10,407.52,5
2005-11,343.24,5
2005-12,350.9,5
2006-01,383.14,5
2006-02,316.86,5
2006-03,419.6,5
2006-04,406.68,5
2006-05,271.44,5
2006-06,325.72,5
2006-07,505.85,5
2006-08,352.4,5
2006-09,328.13,5
2006-10,495.15,5
2006-11,541.34,5
2006-12,408.86,5
2007-01,372.48,5
2007-02,396.6,5
2007-03,367.31,5
2007-04,389.58,5
2007-05,388.32,5
2007-06,352.05,5
2007-07,466.82,5
2007-08,320.93,5
2007-09,354.7,5
2007-10,405.49,5
2007-11,353.01,5
2007-12,428.34,5
2008-01,597.69,5
2008-02,370.95,5
2008-03,522.18,5
2008-04,297.74,5
2008-05,381.95,5
2008-06,325.18,5
2008-07,384.64,5
2008-08,366.74,5
2008-09,389.24,5
2008-10,450.95,5
2008-11,340.63,5
2008-12,427.19,5
2009-01,449.0,5
2009-02,324.99,5
2009-03,580.52,5
2009-04,256.68,5
2009-05,327.52,5
2009-06,332.27,5
2009-07,348.45,5
2009-08,385.94,5
2009-09,355.85,5
2009-10,464.06,5
2009-11,431.29,5
2009-12,440.1,5
2010-01,348.41,5
2010-02,226.59,5
2010-03,343.43,5
2010-04,370.91,5
2010-05,376.93,5
2010-06,457.62,5
2010-07,355.54,5
2010-08,321.96,5
2010-09,332.62,5
2010-10,498.03,5
2010-11,322.88,5
2010-12,407.68,5
2011-01,390.54,5
2011-02,266.95,5
2011-03,426.38,5
2011-04,338.06,5
2011-05,284.82,5
2011-06,454.4,5
2011-07,318.05,5
2011-08,444.97,5
2011-09,529.65,5
2011-10,275.0,5
2011-11,355.77,5
2011-12,499.56,5
2012-01,594.82,5
2012-02,358.68,5
2012-03,592.6,5
2012-04,406.06,5
2012-05,469.24,5
2012-06,335.0,5
2012-07,497.87,5
2012-08,484.57,5
2012-09,424.96,5
2012-10,326.18,5
2012-11,445.59,5
2012-12,579.64,5
2013-01,310.73,5
2013-02,286.66,5
2013-03,458.77,5
2013-04,327.94,5
2013-05,538.28,5
2013-06,454.52,5
2013-07,612.38,5
2013-08,562.92,5
2013-09,602.75,5
2013-10,360.45,5
2013-11,461.92,5
2013-12,360.26,5
2014-01,417.87,5
2014-02,282.48,5
2014-03,373.71,5
2014-04,440.07,5
2014-05,382.95,5
2014-06,378.31,5
2014-07,550.12,5
2014-08,313.87,5
2014-09,382.45,5
2014-10,476.9,5
2014-11,435.54,5
2014-12,420.48,5
2015-01,466.25,5
2015-02,378.85,5
2015-03,469.81,5
2015-04,392.92,5
2015-05,347.84,5
2015-06,487.98,5
2015-07,396.9,5
2015-08,295.7,5
2015-09,483.23,5
2015-10,369.57,5
2015-11,422.55,5
2015-12,405.41,5
2016-01,439.88,5
2016-02,392.8,5
2016-03,439.8,5
2016-04,350.29,5
2016-05,328.13,5
2016-06,331.66,5
2016-07,330.24,5
2016-08,384.75,5
2016-09,395.48,5
2016-10,364.97,5
2016-11,391.23,5
2016-12,366.2,5
2017-01,634.49,5
2017-02,385.71,5
2017-03,415.53,5
2017-04,270.86,5
2017-05,362.06,5
2017-06,416.57,5
2017-07,445.47,5
2017-08,358.46,5
2017-09,286.31,5
2017-10,388.78,5
2017-11,447.73,5
2017-12,533.18,5
2018-01,329.82,5
2018-02,404.88,5
2018-03,423.35,5
2018-04,339.94,5
2018-05,319.32,5
2018-06,370.53,5
2018-07,368.23,5
2018-08,326.52,5
2018-09,433.66,5
2018-10,498.26,5
2018-11,367.58,5
2018-12,441.98,5
2019-01,325.91,5
2019-02,389.24,5
2019-03,477.98,5
2019-04,372.68,5
2019-05,397.52,5
2019-06,353.4,5
2019-07,450.42,5
2019-08,354.39,5
2019-09,462.18,5
2002-09,362.33,6
2002-10,412.43,6
2002-11,372.6,6
2002-12,364.55,6
2003-01,527.08,6
2003-02,267.76,6
2003-03,675.59,6
2003-04,385.82,6
2003-05,397.06,6
2003-06,392.11,6
2003-07,354.62,6
2003-08,363.17,6
2003-09,351.06,6
2003-10,334.38,6
2003-11,371.49,6
2003-12,313.38,6
2004-01,364.86,6
2004-02,318.47,6
2004-03,328.52,6
2004-04,490.97,6
2004-05,382.34,6
2004-06,341.05,6
2004-07,705.26,6
2004-08,408.29,6
2004-09,337.98,6
2004-10,339.6,6
2004-11,413.27,6
2004-12,543.38,6
2005-01,549.93,6
2005-02,393.88,6
2005-03,551.27,6
2005-04,307.13,6
2005-05,467.9,6
2005-06,386.98,6
2005-07,422.05,6
2005-08,491.74,6
2005-09,395.52,6
2005-10,407.52,6
2005-11,343.24,6
2005-12,350.9,6
2006-01,383.14,6
2006-02,316.86,6
2006-03,419.6,6
2006-04,406.68,6
2006-05,271.44,6
2006-06,325.72,6
2006-07,505.85,6
2006-08,352.4,6
2006-09,328.13,6
2006-10,495.15,6
2006-11,541.34,6
2006-12,408.86,6
2007-01,372.48,6
2007-02,396.6,6
2007-03,367.31,6
2007-04,389.58,6
2007-05,388.32,6
2007-06,352.05,6
2007-07,466.82,6
2007-08,320.93,6
2007-09,354.7,6
2007-10,405.49,6
2007-11,353.01,6
2007-12,428.34,6
2008-01,597.69,6
2008-02,370.95,6
2008-03,522.18,6
2008-04,297.74,6
2008-05,381.95,6
2008-06,325.18,6
2008-07,384.64,6
2008-08,366.74,6
2008-09,389.24,6
2008-10,450.95,6
2008-11,340.63,6
2008-12,427.19,6
2009-01,449.0,6
2009-02,324.99,6
2009-03,580.52,6
2009-04,256.68,6
2009-05,327.52,6
2009-06,332.27,6
2009-07,348.45,6
2009-08,385.94,6
2009-09,355.85,6
2009-10,464.06,6
2009-11,431.29,6
2009-12,440.1,6
2010-01,348.41,6
2010-02,226.59,6
2010-03,343.43,6
2010-04,370.91,6
2010-05,376.93,6
2010-06,457.62,6
2010-07,355.54,6
2010-08,321.96,6
2010-09,332.62,6
2010-10,498.03,6
2010-11,322.88,6
2010-12,407.68,6
2011-01,390.54,6
2011-02,266.95,6
2011-03,426.38,6
2011-04,338.06,6
2011-05,284.82,6
2011-06,454.4,6
2011-07,318.05,6
2011-08,444.97,6
2011-09,529.65,6
2011-10,275.0,6
2011-11,355.77,6
2011-12,499.56,6
2012-01,594.82,6
2012-02,358.68,6
2012-03,592.6,6
2012-04,406.06,6
2012-05,469.24,6
2012-06,335.0,6
2012-07,497.87,6
2012-08,484.57,6
2012-09,424.96,6
2012-10,326.18,6
2012-11,445.59,6
2012-12,579.64,6
2013-01,310.73,6
2013-02,286.66,6
2013-03,458.77,6
2013-04,327.94,6
2013-05,538.28,6
2013-06,454.52,6
2013-07,612.38,6
2013-08,562.92,6
2013-09,602.75,6
2013-10,360.45,6
2013-11,461.92,6
2013-12,360.26,6
2014-01,417.87,6
2014-02,282.48,6
2014-03,373.71,6
2014-04,440.07,6
2014-05,382.95,6
2014-06,378.31,6
2014-07,550.12,6
2014-08,313.87,6
2014-09,382.45,6
2014-10,476.9,6
2014-11,435.54,6
2014-12,420.48,6
2015-01,466.25,6
2015-02,378.85,6
2015-03,469.81,6
2015-04,392.92,6
2015-05,347.84,6
2015-06,487.98,6
2015-07,396.9,6
2015-08,295.7,6
2015-09,483.23,6
2015-10,369.57,6
2015-11,422.55,6
2015-12,405.41,6
2016-01,439.88,6
2016-02,392.8,6
2016-03,439.8,6
2016-04,350.29,6
2016-05,328.13,6
2016-06,331.66,6
2016-07,330.24,6
2016-08,384.75,6
2016-09,395.48,6
2016-10,364.97,6
2016-11,391.23,6
2016-12,366.2,6
2017-01,634.49,6
2017-02,385.71,6
2017-03,415.53,6
2017-04,270.86,6
2017-05,362.06,6
2017-06,416.57,6
2017-07,445.47,6
2017-08,358.46,6
2017-09,286.31,6
2017-10,388.78,6
2017-11,447.73,6
2017-12,533.18,6
2018-01,329.82,6
2018-02,404.88,6
2018-03,423.35,6
2018-04,339.94,6
2018-05,319.32,6
2018-06,370.53,6
2018-07,368.23,6
2018-08,326.52,6
2018-09,433.66,6
2018-10,498.26,6
2018-11,367.58,6
2018-12,441.98,6
2019-01,325.91,6
2019-02,389.24,6
2019-03,477.98,6
2019-04,372.68,6
2019-05,397.52,6
2019-06,353.4,6
2019-07,450.42,6
2019-08,354.39,6
2002-09,362.33,7
2002-10,412.43,7
2002-11,372.6,7
2002-12,364.55,7
2003-01,527.08,7
2003-02,267.76,7
2003-03,675.59,7
2003-04,385.82,7
2003-05,397.06,7
2003-06,392.11,7
2003-07,354.62,7
2003-08,363.17,7
2003-09,351.06,7
2003-10,334.38,7
2003-11,371.49,7
2003-12,313.38,7
2004-01,364.86,7
2004-02,318.47,7
2004-03,328.52,7
2004-04,490.97,7
2004-05,382.34,7
2004-06,341.05,7
2004-07,705.26,7
2004-08,408.29,7
2004-09,337.98,7
2004-10,339.6,7
2004-11,413.27,7
2004-12,543.38,7
2005-01,549.93,7
2005-02,393.88,7
2005-03,551.27,7
2005-04,307.13,7
2005-05,467.9,7
2005-06,386.98,7
2005-07,422.05,7
2005-08,491.74,7
2005-09,395.52,7
2005-10,407.52,7
2005-11,343.24,7
2005-12,350.9,7
2006-01,383.14,7
2006-02,316.86,7
2006-03,419.6,7
2006-04,406.68,7
2006-05,271.44,7
2006-06,325.72,7
2006-07,505.85,7
2006-08,352.4,7
2006-09,328.13,7
2006-10,495.15,7
2006-11,541.34,7
2006-12,408.86,7
2007-01,372.48,7
2007-02,396.6,7
2007-03,367.31,7
2007-04,389.58,7
2007-05,388.32,7
2007-06,352.05,7
2007-07,466.82,7
2007-08,320.93,7
2007-09,354.7,7
2007-10,405.49,7
2007-11,353.01,7
2007-12,428.34,7
2008-01,597.69,7
2008-02,370.95,7
2008-03,522.18,7
2008-04,297.74,7
2008-05,381.95,7
2008-06,325.18,7
2008-07,384.64,7
2008-08,366.74,7
2008-09,389.24,7
2008-10,450.95,7
2008-11,340.63,7
2008-12,427.19,7
2009-01,449.0,7
2009-02,324.99,7
2009-03,580.52,7
2009-04,256.68,7
2009-05,327.52,7
2009-06,332.27,7
2009-07,348.45,7
2009-08,385.94,7
2009-09,355.85,7
2009-10,464.06,7
2009-11,431.29,7
2009-12,440.1,7
2010-01,348.41,7
2010-02,226.59,7
2010-03,343.43,7
2010-04,370.91,7
2010-05,376.93,7
2010-06,457.62,7
2010-07,355.54,7
2010-08,321.96,7
2010-09,332.62,7
2010-10,498.03,7
2010-11,322.88,7
2010-12,407.68,7
2011-01,390.54,7
2011-02,266.95,7
2011-03,426.38,7
2011-04,338.06,7
2011-05,284.82,7
2011-06,454.4,7
2011-07,318.05,7
2011-08,444.97,7
2011-09,529.65,7
2011-10,275.0,7
2011-11,355.77,7
2011-12,499.56,7
2012-01,594.82,7
2012-02,358.68,7
2012-03,592.6,7
2012-04,406.06,7
2012-05,469.24,7
2012-06,335.0,7
2012-07,497.87,7
2012-08,484.57,7
2012-09,424.96,7
2012-10,326.18,7
2012-11,445.59,7
2012-12,579.64,7
2013-01,310.73,7
2013-02,286.66,7
2013-03,458.77,7
2013-04,327.94,7
2013-05,538.28,7
2013-06,454.52,7
2013-07,612.38,7
2013-08,562.92,7
2013-09,602.75,7
2013-10,360.45,7
2013-11,461.92,7
2013-12,360.26,7
2014-01,417.87,7
2014-02,282.48,7
2014-03,373.71,7
2014-04,440.07,7
2014-05,382.95,7
2014-06,378.31,7
2014-07,550.12,7
2014-08,313.87,7
2014-09,382.45,7
2014-10,476.9,7
2014-11,435.54,7
2014-12,420.48,7
2015-01,466.25,7
2015-02,378.85,7
2015-03,469.81,7
2015-04,392.92,7
2015-05,347.84,7
2015-06,487.98,7
2015-07,396.9,7
2015-08,295.7,7
2015-09,483.23,7
2015-10,369.57,7
2015-11,422.55,7
2015-12,405.41,7
2016-01,439.88,7
2016-02,392.8,7
2016-03,439.8,7
2016-04,350.29,7
2016-05,328.13,7
2016-06,331.66,7
2016-07,330.24,7
2016-08,384.75,7
2016-09,395.48,7
2016-10,364.97,7
2016-11,391.23,7
2016-12,366.2,7
2017-01,634.49,7
2017-02,385.71,7
2017-03,415.53,7
2017-04,270.86,7
2017-05,362.06,7
2017-06,416.57,7
2017-07,445.47,7
2017-08,358.46,7
2017-09,286.31,7
2017-10,388.78,7
2017-11,447.73,7
2017-12,533.18,7
2018-01,329.82,7
2018-02,404.88,7
2018-03,423.35,7
2018-04,339.94,7
2018-05,319.32,7
2018-06,370.53,7
2018-07,368.23,7
2018-08,326.52,7
2018-09,433.66,7
2018-10,498.26,7
2018-11,367.58,7
2018-12,441.98,7
2019-01,325.91,7
2019-02,389.24,7
2019-03,477.98,7
2019-04,372.68,7
2019-05,397.52,7
2019-06,353.4,7
2019-07,450.42,7
2002-09,362.33,8
2002-10,412.43,8
2002-11,372.6,8
2002-12,364.55,8
2003-01,527.08,8
2003-02,267.76,8
2003-03,675.59,8
2003-04,385.82,8
2003-05,397.06,8
2003-06,392.11,8
2003-07,354.62,8
2003-08,363.17,8
2003-09,351.06,8
2003-10,334.38,8
2003-11,371.49,8
2003-12,313.38,8
2004-01,364.86,8
2004-02,318.47,8
2004-03,328.52,8
2004-04,490.97,8
2004-05,382.34,8
2004-06,341.05,8
2004-07,705.26,8
2004-08,408.29,8
2004-09,337.98,8
2004-10,339.6,8
2004-11,413.27,8
2004-12,543.38,8
2005-01,549.93,8
2005-02,393.88,8
2005-03,551.27,8
2005-04,307.13,8
2005-05,467.9,8
2005-06,386.98,8
2005-07,422.05,8
2005-08,491.74,8
2005-09,395.52,8
2005-10,407.52,8
2005-11,343.24,8
2005-12,350.9,8
2006-01,383.14,8
2006-02,316.86,8
2006-03,419.6,8
2006-04,406.68,8
2006-05,271.44,8
2006-06,325.72,8
2006-07,505.85,8
2006-08,352.4,8
2006-09,328.13,8
2006-10,495.15,8
2006-11,541.34,8
2006-12,408.86,8
2007-01,372.48,8
2007-02,396.6,8
2007-03,367.31,8
2007-04,389.58,8
2007-05,388.32,8
2007-06,352.05,8
2007-07,466.82,8
2007-08,320.93,8
2007-09,354.7,8
2007-10,405.49,8
2007-11,353.01,8
2007-12,428.34,8
2008-01,597.69,8
2008-02,370.95,8
2008-03,522.18,8
2008-04,297.74,8
2008-05,381.95,8
2008-06,325.18,8
2008-07,384.64,8
2008-08,366.74,8
2008-09,389.24,8
2008-10,450.95,8
2008-11,340.63,8
2008-12,427.19,8
2009-01,449.0,8
2009-02,324.99,8
2009-03,580.52,8
2009-04,256.68,8
2009-05,327.52,8
2009-06,332.27,8
2009-07,348.45,8
2009-08,385.94,8
2009-09,355.85,8
2009-10,464.06,8
2009-11,431.29,8
2009-12,440.1,8
2010-01,348.41,8
2010-02,226.59,8
2010-03,343.43,8
2010-04,370.91,8
2010-05,376.93,8
2010-06,457.62,8
2010-07,355.54,8
2010-08,321.96,8
2010-09,332.62,8
2010-10,498.03,8
2010-11,322.88,8
2010-12,407.68,8
2011-01,390.54,8
2011-02,266.95,8
2011-03,426.38,8
2011-04,338.06,8
2011-05,284.82,8
2011-06,454.4,8
2011-07,318.05,8
2011-08,444.97,8
2011-09,529.65,8
2011-10,275.0,8
2011-11,355.77,8
2011-12,499.56,8
2012-01,594.82,8
2012-02,358.68,8
2012-03,592.6,8
2012-04,406.06,8
2012-05,469.24,8
2012-06,335.0,8
2012-07,497.87,8
2012-08,484.57,8
2012-09,424.96,8
2012-10,326.18,8
2012-11,445.59,8
2012-12,579.64,8
2013-01,310.73,8
2013-02,286.66,8
2013-03,458.77,8
2013-04,327.94,8
2013-05,538.28,8
2013-06,454.52,8
2013-07,612.38,8
2013-08,562.92,8
2013-09,602.75,8
2013-10,360.45,8
2013-11,461.92,8
2013-12,360.26,8
2014-01,417.87,8
2014-02,282.48,8
2014-03,373.71,8
2014-04,440.07,8
2014-05,382.95,8
2014-06,378.31,8
2014-07,550.12,8
2014-08,313.87,8
2014-09,382.45,8
2014-10,476.9,8
2014-11,435.54,8
2014-12,420.48,8
2015-01,466.25,8
2015-02,378.85,8
2015-03,469.81,8
2015-04,392.92,8
2015-05,347.84,8
2015-06,487.98,8
2015-07,396.9,8
2015-08,295.7,8
2015-09,483.23,8
2015-10,369.57,8
2015-11,422.55,8
2015-12,405.41,8
2016-01,439.88,8
2016-02,392.8,8
2016-03,439.8,8
2016-04,350.29,8
2016-05,328.13,8
2016-06,331.66,8
2016-07,330.24,8
2016-08,384.75,8
2016-09,395.48,8
2016-10,364.97,8
2016-11,391.23,8
2016-12,366.2,8
2017-01,634.49,8
2017-02,385.71,8
2017-03,415.53,8
2017-04,270.86,8
2017-05,362.06,8
2017-06,416.57,8
2017-07,445.47,8
2017-08,358.46,8
2017-09,286.31,8
2017-10,388.78,8
2017-11,447.73,8
2017-12,533.18,8
2018-01,329.82,8
2018-02,404.88,8
2018-03,423.35,8
2018-04,339.94,8
2018-05,319.32,8
2018-06,370.53,8
2018-07,368.23,8
2018-08,326.52,8
2018-09,433.66,8
2018-10,498.26,8
2018-11,367.58,8
2018-12,441.98,8
2019-01,325.91,8
2019-02,389.24,8
2019-03,477.98,8
2019-04,372.68,8
2019-05,397.52,8
2019-06,353.4,8
2002-09,362.33,9
2002-10,412.43,9
2002-11,372.6,9
2002-12,364.55,9
2003-01,527.08,9
2003-02,267.76,9
2003-03,675.59,9
2003-04,385.82,9
2003-05,397.06,9
2003-06,392.11,9
2003-07,354.62,9
2003-08,363.17,9
2003-09,351.06,9
2003-10,334.38,9
2003-11,371.49,9
2003-12,313.38,9
2004-01,364.86,9
2004-02,318.47,9
2004-03,328.52,9
2004-04,490.97,9
2004-05,382.34,9
2004-06,341.05,9
2004-07,705.26,9
2004-08,408.29,9
2004-09,337.98,9
2004-10,339.6,9
2004-11,413.27,9
2004-12,543.38,9
2005-01,549.93,9
2005-02,393.88,9
2005-03,551.27,9
2005-04,307.13,9
2005-05,467.9,9
2005-06,386.98,9
2005-07,422.05,9
2005-08,491.74,9
2005-09,395.52,9
2005-10,407.52,9
2005-11,343.24,9
2005-12,350.9,9
2006-01,383.14,9
2006-02,316.86,9
2006-03,419.6,9
2006-04,406.68,9
2006-05,271.44,9
2006-06,325.72,9
2006-07,505.85,9
2006-08,352.4,9
2006-09,328.13,9
2006-10,495.15,9
2006-11,541.34,9
2006-12,408.86,9
2007-01,372.48,9
2007-02,396.6,9
2007-03,367.31,9
2007-04,389.58,9
2007-05,388.32,9
2007-06,352.05,9
2007-07,466.82,9
2007-08,320.93,9
2007-09,354.7,9
2007-10,405.49,9
2007-11,353.01,9
2007-12,428.34,9
2008-01,597.69,9
2008-02,370.95,9
2008-03,522.18,9
2008-04,297.74,9
2008-05,381.95,9
2008-06,325.18,9
2008-07,384.64,9
2008-08,366.74,9
2008-09,389.24,9
2008-10,450.95,9
2008-11,340.63,9
2008-12,427.19,9
2009-01,449.0,9
2009-02,324.99,9
2009-03,580.52,9
2009-04,256.68,9
2009-05,327.52,9
2009-06,332.27,9
2009-07,348.45,9
2009-08,385.94,9
2009-09,355.85,9
2009-10,464.06,9
2009-11,431.29,9
2009-12,440.1,9
2010-01,348.41,9
2010-02,226.59,9
2010-03,343.43,9
2010-04,370.91,9
2010-05,376.93,9
2010-06,457.62,9
2010-07,355.54,9
2010-08,321.96,9
2010-09,332.62,9
2010-10,498.03,9
2010-11,322.88,9
2010-12,407.68,9
2011-01,390.54,9
2011-02,266.95,9
2011-03,426.38,9
2011-04,338.06,9
2011-05,284.82,9
2011-06,454.4,9
2011-07,318.05,9
2011-08,444.97,9
2011-09,529.65,9
2011-10,275.0,9
2011-11,355.77,9
2011-12,499.56,9
2012-01,594.82,9
2012-02,358.68,9
2012-03,592.6,9
2012-04,406.06,9
2012-05,469.24,9
2012-06,335.0,9
2012-07,497.87,9
2012-08,484.57,9
2012-09,424.96,9
2012-10,326.18,9
2012-11,445.59,9
2012-12,579.64,9
2013-01,310.73,9
2013-02,286.66,9
2013-03,458.77,9
2013-04,327.94,9
2013-05,538.28,9
2013-06,454.52,9
2013-07,612.38,9
2013-08,562.92,9
2013-09,602.75,9
2013-10,360.45,9
2013-11,461.92,9
2013-12,360.26,9
2014-01,417.87,9
2014-02,282.48,9
2014-03,373.71,9
2014-04,440.07,9
2014-05,382.95,9
2014-06,378.31,9
2014-07,550.12,9
2014-08,313.87,9
2014-09,382.45,9
2014-10,476.9,9
2014-11,435.54,9
2014-12,420.48,9
2015-01,466.25,9
2015-02,378.85,9
2015-03,469.81,9
2015-04,392.92,9
2015-05,347.84,9
2015-06,487.98,9
2015-07,396.9,9
2015-08,295.7,9
2015-09,483.23,9
2015-10,369.57,9
2015-11,422.55,9
2015-12,405.41,9
2016-01,439.88,9
2016-02,392.8,9
2016-03,439.8,9
2016-04,350.29,9
2016-05,328.13,9
2016-06,331.66,9
2016-07,330.24,9
2016-08,384.75,9
2016-09,395.48,9
2016-10,364.97,9
2016-11,391.23,9
2016-12,366.2,9
2017-01,634.49,9
2017-02,385.71,9
2017-03,415.53,9
2017-04,270.86,9
2017-05,362.06,9
2017-06,416.57,9
2017-07,445.47,9
2017-08,358.46,9
2017-09,286.31,9
2017-10,388.78,9
2017-11,447.73,9
2017-12,533.18,9
2018-01,329.82,9
2018-02,404.88,9
2018-03,423.35,9
2018-04,339.94,9
2018-05,319.32,9
2018-06,370.53,9
2018-07,368.23,9
2018-08,326.52,9
2018-09,433.66,9
2018-10,498.26,9
2018-11,367.58,9
2018-12,441.98,9
2019-01,325.91,9
2019-02,389.24,9
2019-03,477.98,9
2019-04,372.68,9
2019-05,397.52,9
2002-09,362.33,10
2002-10,412.43,10
2002-11,372.6,10
2002-12,364.55,10
2003-01,527.08,10
2003-02,267.76,10
2003-03,675.59,10
2003-04,385.82,10
2003-05,397.06,10
2003-06,392.11,10
2003-07,354.62,10
2003-08,363.17,10
2003-09,351.06,10
2003-10,334.38,10
2003-11,371.49,10
2003-12,313.38,10
2004-01,364.86,10
2004-02,318.47,10
2004-03,328.52,10
2004-04,490.97,10
2004-05,382.34,10
2004-06,341.05,10
2004-07,705.26,10
2004-08,408.29,10
2004-09,337.98,10
2004-10,339.6,10
2004-11,413.27,10
2004-12,543.38,10
2005-01,549.93,10
2005-02,393.88,10
2005-03,551.27,10
2005-04,307.13,10
2005-05,467.9,10
2005-06,386.98,10
2005-07,422.05,10
2005-08,491.74,10
2005-09,395.52,10
2005-10,407.52,10
2005-11,343.24,10
2005-12,350.9,10
2006-01,383.14,10
2006-02,316.86,10
2006-03,419.6,10
2006-04,406.68,10
2006-05,271.44,10
2006-06,325.72,10
2006-07,505.85,10
2006-08,352.4,10
2006-09,328.13,10
2006-10,495.15,10
2006-11,541.34,10
2006-12,408.86,10
2007-01,372.48,10
2007-02,396.6,10
2007-03,367.31,10
2007-04,389.58,10
2007-05,388.32,10
2007-06,352.05,10
2007-07,466.82,10
2007-08,320.93,10
2007-09,354.7,10
2007-10,405.49,10
2007-11,353.01,10
2007-12,428.34,10
2008-01,597.69,10
2008-02,370.95,10
2008-03,522.18,10
2008-04,297.74,10
2008-05,381.95,10
2008-06,325.18,10
2008-07,384.64,10
2008-08,366.74,10
2008-09,389.24,10
2008-10,450.95,10
2008-11,340.63,10
2008-12,427.19,10
2009-01,449.0,10
2009-02,324.99,10
2009-03,580.52,10
2009-04,256.68,10
2009-05,327.52,10
2009-06,332.27,10
2009-07,348.45,10
2009-08,385.94,10
2009-09,355.85,10
2009-10,464.06,10
2009-11,431.29,10
2009-12,440.1,10
2010-01,348.41,10
2010-02,226.59,10
2010-03,343.43,10
2010-04,370.91,10
2010-05,376.93,10
2010-06,457.62,10
2010-07,355.54,10
2010-08,321.96,10
2010-09,332.62,10
2010-10,498.03,10
2010-11,322.88,10
2010-12,407.68,10
2011-01,390.54,10
2011-02,266.95,10
2011-03,426.38,10
2011-04,338.06,10
2011-05,284.82,10
2011-06,454.4,10
2011-07,318.05,10
2011-08,444.97,10
2011-09,529.65,10
2011-10,275.0,10
2011-11,355.77,10
2011-12,499.56,10
2012-01,594.82,10
2012-02,358.68,10
2012-03,592.6,10
2012-04,406.06,10
2012-05,469.24,10
2012-06,335.0,10
2012-07,497.87,10
2012-08,484.57,10
2012-09,424.96,10
2012-10,326.18,10
2012-11,445.59,10
2012-12,579.64,10
2013-01,310.73,10
2013-02,286.66,10
2013-03,458.77,10
2013-04,327.94,10
2013-05,538.28,10
2013-06,454.52,10
2013-07,612.38,10
2013-08,562.92,10
2013-09,602.75,10
2013-10,360.45,10
2013-11,461.92,10
2013-12,360.26,10
2014-01,417.87,10
2014-02,282.48,10
2014-03,373.71,10
2014-04,440.07,10
2014-05,382.95,10
2014-06,378.31,10
2014-07,550.12,10
2014-08,313.87,10
2014-09,382.45,10
2014-10,476.9,10
2014-11,435.54,10
2014-12,420.48,10
2015-01,466.25,10
2015-02,378.85,10
2015-03,469.81,10
2015-04,392.92,10
2015-05,347.84,10
2015-06,487.98,10
2015-07,396.9,10
2015-08,295.7,10
2015-09,483.23,10
2015-10,369.57,10
2015-11,422.55,10
2015-12,405.41,10
2016-01,439.88,10
2016-02,392.8,10
2016-03,439.8,10
2016-04,350.29,10
2016-05,328.13,10
2016-06,331.66,10
2016-07,330.24,10
2016-08,384.75,10
2016-09,395.48,10
2016-10,364.97,10
2016-11,391.23,10
2016-12,366.2,10
2017-01,634.49,10
2017-02,385.71,10
2017-03,415.53,10
2017-04,270.86,10
2017-05,362.06,10
2017-06,416.57,10
2017-07,445.47,10
2017-08,358.46,10
2017-09,286.31,10
2017-10,388.78,10
2017-11,447.73,10
2017-12,533.18,10
2018-01,329.82,10
2018-02,404.88,10
2018-03,423.35,10
2018-04,339.94,10
2018-05,319.32,10
2018-06,370.53,10
2018-07,368.23,10
2018-08,326.52,10
2018-09,433.66,10
2018-10,498.26,10
2018-11,367.58,10
2018-12,441.98,10
2019-01,325.91,10
2019-02,389.24,10
2019-03,477.98,10
2019-04,372.68,10
2002-09,362.33,11
2002-10,412.43,11
2002-11,372.6,11
2002-12,364.55,11
2003-01,527.08,11
2003-02,267.76,11
2003-03,675.59,11
2003-04,385.82,11
2003-05,397.06,11
2003-06,392.11,11
2003-07,354.62,11
2003-08,363.17,11
2003-09,351.06,11
2003-10,334.38,11
2003-11,371.49,11
2003-12,313.38,11
2004-01,364.86,11
2004-02,318.47,11
2004-03,328.52,11
2004-04,490.97,11
2004-05,382.34,11
2004-06,341.05,11
2004-07,705.26,11
2004-08,408.29,11
2004-09,337.98,11
2004-10,339.6,11
2004-11,413.27,11
2004-12,543.38,11
2005-01,549.93,11
2005-02,393.88,11
2005-03,551.27,11
2005-04,307.13,11
2005-05,467.9,11
2005-06,386.98,11
2005-07,422.05,11
2005-08,491.74,11
2005-09,395.52,11
2005-10,407.52,11
2005-11,343.24,11
2005-12,350.9,11
2006-01,383.14,11
2006-02,316.86,11
2006-03,419.6,11
2006-04,406.68,11
2006-05,271.44,11
2006-06,325.72,11
2006-07,505.85,11
2006-08,352.4,11
2006-09,328.13,11
2006-10,495.15,11
2006-11,541.34,11
2006-12,408.86,11
2007-01,372.48,11
2007-02,396.6,11
2007-03,367.31,11
2007-04,389.58,11
2007-05,388.32,11
2007-06,352.05,11
2007-07,466.82,11
2007-08,320.93,11
2007-09,354.7,11
2007-10,405.49,11
2007-11,353.01,11
2007-12,428.34,11
2008-01,597.69,11
2008-02,370.95,11
2008-03,522.18,11
2008-04,297.74,11
2008-05,381.95,11
2008-06,325.18,11
2008-07,384.64,11
2008-08,366.74,11
2008-09,389.24,11
2008-10,450.95,11
2008-11,340.63,11
2008-12,427.19,11
2009-01,449.0,11
2009-02,324.99,11
2009-03,580.52,11
2009-04,256.68,11
2009-05,327.52,11
2009-06,332.27,11
2009-07,348.45,11
2009-08,385.94,11
2009-09,355.85,11
2009-10,464.06,11
2009-11,431.29,11
2009-12,440.1,11
2010-01,348.41,11
2010-02,226.59,11
2010-03,343.43,11
2010-04,370.91,11
2010-05,376.93,11
2010-06,457.62,11
2010-07,355.54,11
2010-08,321.96,11
2010-09,332.62,11
2010-10,498.03,11
2010-11,322.88,11
2010-12,407.68,11
2011-01,390.54,11
2011-02,266.95,11
2011-03,426.38,11
2011-04,338.06,11
2011-05,284.82,11
2011-06,454.4,11
2011-07,318.05,11
2011-08,444.97,11
2011-09,529.65,11
2011-10,275.0,11
2011-11,355.77,11
2011-12,499.56,11
2012-01,594.82,11
2012-02,358.68,11
2012-03,592.6,11
2012-04,406.06,11
2012-05,469.24,11
2012-06,335.0,11
2012-07,497.87,11
2012-08,484.57,11
2012-09,424.96,11
2012-10,326.18,11
2012-11,445.59,11
2012-12,579.64,11
2013-01,310.73,11
2013-02,286.66,11
2013-03,458.77,11
2013-04,327.94,11
2013-05,538.28,11
2013-06,454.52,11
2013-07,612.38,11
2013-08,562.92,11
2013-09,602.75,11
2013-10,360.45,11
2013-11,461.92,11
2013-12,360.26,11
2014-01,417.87,11
2014-02,282.48,11
2014-03,373.71,11
2014-04,440.07,11
2014-05,382.95,11
2014-06,378.31,11
2014-07,550.12,11
2014-08,313.87,11
2014-09,382.45,11
2014-10,476.9,11
2014-11,435.54,11
2014-12,420.48,11
2015-01,466.25,11
2015-02,378.85,11
2015-03,469.81,11
2015-04,392.92,11
2015-05,347.84,11
2015-06,487.98,11
2015-07,396.9,11
2015-08,295.7,11
2015-09,483.23,11
2015-10,369.57,11
2015-11,422.55,11
2015-12,405.41,11
2016-01,439.88,11
2016-02,392.8,11
2016-03,439.8,11
2016-04,350.29,11
2016-05,328.13,11
2016-06,331.66,11
2016-07,330.24,11
2016-08,384.75,11
2016-09,395.48,11
2016-10,364.97,11
2016-11,391.23,11
2016-12,366.2,11
2017-01,634.49,11
2017-02,385.71,11
2017-03,415.53,11
2017-04,270.86,11
2017-05,362.06,11
2017-06,416.57,11
2017-07,445.47,11
2017-08,358.46,11
2017-09,286.31,11
2017-10,388.78,11
2017-11,447.73,11
2017-12,533.18,11
2018-01,329.82,11
2018-02,404.88,11
2018-03,423.35,11
2018-04,339.94,11
2018-05,319.32,11
2018-06,370.53,11
2018-07,368.23,11
2018-08,326.52,11
2018-09,433.66,11
2018-10,498.26,11
2018-11,367.58,11
2018-12,441.98,11
2019-01,325.91,11
2019-02,389.24,11
2019-03,477.98,11
2002-09,362.33,12
2002-10,412.43,12
2002-11,372.6,12
2002-12,364.55,12
2003-01,527.08,12
2003-02,267.76,12
2003-03,675.59,12
2003-04,385.82,12
2003-05,397.06,12
2003-06,392.11,12
2003-07,354.62,12
2003-08,363.17,12
2003-09,351.06,12
2003-10,334.38,12
2003-11,371.49,12
2003-12,313.38,12
2004-01,364.86,12
2004-02,318.47,12
2004-03,328.52,12
2004-04,490.97,12
2004-05,382.34,12
2004-06,341.05,12
2004-07,705.26,12
2004-08,408.29,12
2004-09,337.98,12
2004-10,339.6,12
2004-11,413.27,12
2004-12,543.38,12
2005-01,549.93,12
2005-02,393.88,12
2005-03,551.27,12
2005-04,307.13,12
2005-05,467.9,12
2005-06,386.98,12
2005-07,422.05,12
2005-08,491.74,12
2005-09,395.52,12
2005-10,407.52,12
2005-11,343.24,12
2005-12,350.9,12
2006-01,383.14,12
2006-02,316.86,12
2006-03,419.6,12
2006-04,406.68,12
2006-05,271.44,12
2006-06,325.72,12
2006-07,505.85,12
2006-08,352.4,12
2006-09,328.13,12
2006-10,495.15,12
2006-11,541.34,12
2006-12,408.86,12
2007-01,372.48,12
2007-02,396.6,12
2007-03,367.31,12
2007-04,389.58,12
2007-05,388.32,12
2007-06,352.05,12
2007-07,466.82,12
2007-08,320.93,12
2007-09,354.7,12
2007-10,405.49,12
2007-11,353.01,12
2007-12,428.34,12
2008-01,597.69,12
2008-02,370.95,12
2008-03,522.18,12
2008-04,297.74,12
2008-05,381.95,12
2008-06,325.18,12
2008-07,384.64,12
2008-08,366.74,12
2008-09,389.24,12
2008-10,450.95,12
2008-11,340.63,12
2008-12,427.19,12
2009-01,449.0,12
2009-02,324.99,12
2009-03,580.52,12
2009-04,256.68,12
2009-05,327.52,12
2009-06,332.27,12
2009-07,348.45,12
2009-08,385.94,12
2009-09,355.85,12
2009-10,464.06,12
2009-11,431.29,12
2009-12,440.1,12
2010-01,348.41,12
2010-02,226.59,12
2010-03,343.43,12
2010-04,370.91,12
2010-05,376.93,12
2010-06,457.62,12
2010-07,355.54,12
2010-08,321.96,12
2010-09,332.62,12
2010-10,498.03,12
2010-11,322.88,12
2010-12,407.68,12
2011-01,390.54,12
2011-02,266.95,12
2011-03,426.38,12
2011-04,338.06,12
2011-05,284.82,12
2011-06,454.4,12
2011-07,318.05,12
2011-08,444.97,12
2011-09,529.65,12
2011-10,275.0,12
2011-11,355.77,12
2011-12,499.56,12
2012-01,594.82,12
2012-02,358.68,12
2012-03,592.6,12
2012-04,406.06,12
2012-05,469.24,12
2012-06,335.0,12
2012-07,497.87,12
2012-08,484.57,12
2012-09,424.96,12
2012-10,326.18,12
2012-11,445.59,12
2012-12,579.64,12
2013-01,310.73,12
2013-02,286.66,12
2013-03,458.77,12
2013-04,327.94,12
2013-05,538.28,12
2013-06,454.52,12
2013-07,612.38,12
2013-08,562.92,12
2013-09,602.75,12
2013-10,360.45,12
2013-11,461.92,12
2013-12,360.26,12
2014-01,417.87,12
2014-02,282.48,12
2014-03,373.71,12
2014-04,440.07,12
2014-05,382.95,12
2014-06,378.31,12
2014-07,550.12,12
2014-08,313.87,12
2014-09,382.45,12
2014-10,476.9,12
2014-11,435.54,12
2014-12,420.48,12
2015-01,466.25,12
2015-02,378.85,12
2015-03,469.81,12
2015-04,392.92,12
2015-05,347.84,12
2015-06,487.98,12
2015-07,396.9,12
2015-08,295.7,12
2015-09,483.23,12
2015-10,369.57,12
2015-11,422.55,12
2015-12,405.41,12
2016-01,439.88,12
2016-02,392.8,12
2016-03,439.8,12
2016-04,350.29,12
2016-05,328.13,12
2016-06,331.66,12
2016-07,330.24,12
2016-08,384.75,12
2016-09,395.48,12
2016-10,364.97,12
2016-11,391.23,12
2016-12,366.2,12
2017-01,634.49,12
2017-02,385.71,12
2017-03,415.53,12
2017-04,270.86,12
2017-05,362.06,12
2017-06,416.57,12
2017-07,445.47,12
2017-08,358.46,12
2017-09,286.31,12
2017-10,388.78,12
2017-11,447.73,12
2017-12,533.18,12
2018-01,329.82,12
2018-02,404.88,12
2018-03,423.35,12
2018-04,339.94,12
2018-05,319.32,12
2018-06,370.53,12
2018-07,368.23,12
2018-08,326.52,12
2018-09,433.66,12
2018-10,498.26,12
2018-11,367.58,12
2018-12,441.98,12
2019-01,325.91,12
2019-02,389.24,12
2002-09,362.33,13
2002-10,412.43,13
2002-11,372.6,13
2002-12,364.55,13
2003-01,527.08,13
2003-02,267.76,13
2003-03,675.59,13
2003-04,385.82,13
2003-05,397.06,13
2003-06,392.11,13
2003-07,354.62,13
2003-08,363.17,13
2003-09,351.06,13
2003-10,334.38,13
2003-11,371.49,13
2003-12,313.38,13
2004-01,364.86,13
2004-02,318.47,13
2004-03,328.52,13
2004-04,490.97,13
2004-05,382.34,13
2004-06,341.05,13
2004-07,705.26,13
2004-08,408.29,13
2004-09,337.98,13
2004-10,339.6,13
2004-11,413.27,13
2004-12,543.38,13
2005-01,549.93,13
2005-02,393.88,13
2005-03,551.27,13
2005-04,307.13,13
2005-05,467.9,13
2005-06,386.98,13
2005-07,422.05,13
2005-08,491.74,13
2005-09,395.52,13
2005-10,407.52,13
2005-11,343.24,13
2005-12,350.9,13
2006-01,383.14,13
2006-02,316.86,13
2006-03,419.6,13
2006-04,406.68,13
2006-05,271.44,13
2006-06,325.72,13
2006-07,505.85,13
2006-08,352.4,13
2006-09,328.13,13
2006-10,495.15,13
2006-11,541.34,13
2006-12,408.86,13
2007-01,372.48,13
2007-02,396.6,13
2007-03,367.31,13
2007-04,389.58,13
2007-05,388.32,13
2007-06,352.05,13
2007-07,466.82,13
2007-08,320.93,13
2007-09,354.7,13
2007-10,405.49,13
2007-11,353.01,13
2007-12,428.34,13
2008-01,597.69,13
2008-02,370.95,13
2008-03,522.18,13
2008-04,297.74,13
2008-05,381.95,13
2008-06,325.18,13
2008-07,384.64,13
2008-08,366.74,13
2008-09,389.24,13
2008-10,450.95,13
2008-11,340.63,13
2008-12,427.19,13
2009-01,449.0,13
2009-02,324.99,13
2009-03,580.52,13
2009-04,256.68,13
2009-05,327.52,13
2009-06,332.27,13
2009-07,348.45,13
2009-08,385.94,13
2009-09,355.85,13
2009-10,464.06,13
2009-11,431.29,13
2009-12,440.1,13
2010-01,348.41,13
2010-02,226.59,13
2010-03,343.43,13
2010-04,370.91,13
2010-05,376.93,13
2010-06,457.62,13
2010-07,355.54,13
2010-08,321.96,13
2010-09,332.62,13
2010-10,498.03,13
2010-11,322.88,13
2010-12,407.68,13
2011-01,390.54,13
2011-02,266.95,13
2011-03,426.38,13
2011-04,338.06,13
2011-05,284.82,13
2011-06,454.4,13
2011-07,318.05,13
2011-08,444.97,13
2011-09,529.65,13
2011-10,275.0,13
2011-11,355.77,13
2011-12,499.56,13
2012-01,594.82,13
2012-02,358.68,13
2012-03,592.6,13
2012-04,406.06,13
2012-05,469.24,13
2012-06,335.0,13
2012-07,497.87,13
2012-08,484.57,13
2012-09,424.96,13
2012-10,326.18,13
2012-11,445.59,13
2012-12,579.64,13
2013-01,310.73,13
2013-02,286.66,13
2013-03,458.77,13
2013-04,327.94,13
2013-05,538.28,13
2013-06,454.52,13
2013-07,612.38,13
2013-08,562.92,13
2013-09,602.75,13
2013-10,360.45,13
2013-11,461.92,13
2013-12,360.26,13
2014-01,417.87,13
2014-02,282.48,13
2014-03,373.71,13
2014-04,440.07,13
2014-05,382.95,13
2014-06,378.31,13
2014-07,550.12,13
2014-08,313.87,13
2014-09,382.45,13
2014-10,476.9,13
2014-11,435.54,13
2014-12,420.48,13
2015-01,466.25,13
2015-02,378.85,13
2015-03,469.81,13
2015-04,392.92,13
2015-05,347.84,13
2015-06,487.98,13
2015-07,396.9,13
2015-08,295.7,13
2015-09,483.23,13
2015-10,369.57,13
2015-11,422.55,13
2015-12,405.41,13
2016-01,439.88,13
2016-02,392.8,13
2016-03,439.8,13
2016-04,350.29,13
2016-05,328.13,13
2016-06,331.66,13
2016-07,330.24,13
2016-08,384.75,13
2016-09,395.48,13
2016-10,364.97,13
2016-11,391.23,13
2016-12,366.2,13
2017-01,634.49,13
2017-02,385.71,13
2017-03,415.53,13
2017-04,270.86,13
2017-05,362.06,13
2017-06,416.57,13
2017-07,445.47,13
2017-08,358.46,13
2017-09,286.31,13
2017-10,388.78,13
2017-11,447.73,13
2017-12,533.18,13
2018-01,329.82,13
2018-02,404.88,13
2018-03,423.35,13
2018-04,339.94,13
2018-05,319.32,13
2018-06,370.53,13
2018-07,368.23,13
2018-08,326.52,13
2018-09,433.66,13
2018-10,498.26,13
2018-11,367.58,13
2018-12,441.98,13
2019-01,325.91,13
2002-09,362.33,14
2002-10,412.43,14
2002-11,372.6,14
2002-12,364.55,14
2003-01,527.08,14
2003-02,267.76,14
2003-03,675.59,14
2003-04,385.82,14
2003-05,397.06,14
2003-06,392.11,14
2003-07,354.62,14
2003-08,363.17,14
2003-09,351.06,14
2003-10,334.38,14
2003-11,371.49,14
2003-12,313.38,14
2004-01,364.86,14
2004-02,318.47,14
2004-03,328.52,14
2004-04,490.97,14
2004-05,382.34,14
2004-06,341.05,14
2004-07,705.26,14
2004-08,408.29,14
2004-09,337.98,14
2004-10,339.6,14
2004-11,413.27,14
2004-12,543.38,14
2005-01,549.93,14
2005-02,393.88,14
2005-03,551.27,14
2005-04,307.13,14
2005-05,467.9,14
2005-06,386.98,14
2005-07,422.05,14
2005-08,491.74,14
2005-09,395.52,14
2005-10,407.52,14
2005-11,343.24,14
2005-12,350.9,14
2006-01,383.14,14
2006-02,316.86,14
2006-03,419.6,14
2006-04,406.68,14
2006-05,271.44,14
2006-06,325.72,14
2006-07,505.85,14
2006-08,352.4,14
2006-09,328.13,14
2006-10,495.15,14
2006-11,541.34,14
2006-12,408.86,14
2007-01,372.48,14
2007-02,396.6,14
2007-03,367.31,14
2007-04,389.58,14
2007-05,388.32,14
2007-06,352.05,14
2007-07,466.82,14
2007-08,320.93,14
2007-09,354.7,14
2007-10,405.49,14
2007-11,353.01,14
2007-12,428.34,14
2008-01,597.69,14
2008-02,370.95,14
2008-03,522.18,14
2008-04,297.74,14
2008-05,381.95,14
2008-06,325.18,14
2008-07,384.64,14
2008-08,366.74,14
2008-09,389.24,14
2008-10,450.95,14
2008-11,340.63,14
2008-12,427.19,14
2009-01,449.0,14
2009-02,324.99,14
2009-03,580.52,14
2009-04,256.68,14
2009-05,327.52,14
2009-06,332.27,14
2009-07,348.45,14
2009-08,385.94,14
2009-09,355.85,14
2009-10,464.06,14
2009-11,431.29,14
2009-12,440.1,14
2010-01,348.41,14
2010-02,226.59,14
2010-03,343.43,14
2010-04,370.91,14
2010-05,376.93,14
2010-06,457.62,14
2010-07,355.54,14
2010-08,321.96,14
2010-09,332.62,14
2010-10,498.03,14
2010-11,322.88,14
2010-12,407.68,14
2011-01,390.54,14
2011-02,266.95,14
2011-03,426.38,14
2011-04,338.06,14
2011-05,284.82,14
2011-06,454.4,14
2011-07,318.05,14
2011-08,444.97,14
2011-09,529.65,14
2011-10,275.0,14
2011-11,355.77,14
2011-12,499.56,14
2012-01,594.82,14
2012-02,358.68,14
2012-03,592.6,14
2012-04,406.06,14
2012-05,469.24,14
2012-06,335.0,14
2012-07,497.87,14
2012-08,484.57,14
2012-09,424.96,14
2012-10,326.18,14
2012-11,445.59,14
2012-12,579.64,14
2013-01,310.73,14
2013-02,286.66,14
2013-03,458.77,14
2013-04,327.94,14
2013-05,538.28,14
2013-06,454.52,14
2013-07,612.38,14
2013-08,562.92,14
2013-09,602.75,14
2013-10,360.45,14
2013-11,461.92,14
2013-12,360.26,14
2014-01,417.87,14
2014-02,282.48,14
2014-03,373.71,14
2014-04,440.07,14
2014-05,382.95,14
2014-06,378.31,14
2014-07,550.12,14
2014-08,313.87,14
2014-09,382.45,14
2014-10,476.9,14
2014-11,435.54,14
2014-12,420.48,14
2015-01,466.25,14
2015-02,378.85,14
2015-03,469.81,14
2015-04,392.92,14
2015-05,347.84,14
2015-06,487.98,14
2015-07,396.9,14
2015-08,295.7,14
2015-09,483.23,14
2015-10,369.57,14
2015-11,422.55,14
2015-12,405.41,14
2016-01,439.88,14
2016-02,392.8,14
2016-03,439.8,14
2016-04,350.29,14
2016-05,328.13,14
2016-06,331.66,14
2016-07,330.24,14
2016-08,384.75,14
2016-09,395.48,14
2016-10,364.97,14
2016-11,391.23,14
2016-12,366.2,14
2017-01,634.49,14
2017-02,385.71,14
2017-03,415.53,14
2017-04,270.86,14
2017-05,362.06,14
2017-06,416.57,14
2017-07,445.47,14
2017-08,358.46,14
2017-09,286.31,14
2017-10,388.78,14
2017-11,447.73,14
2017-12,533.18,14
2018-01,329.82,14
2018-02,404.88,14
2018-03,423.35,14
2018-04,339.94,14
2018-05,319.32,14
2018-06,370.53,14
2018-07,368.23,14
2018-08,326.52,14
2018-09,433.66,14
2018-10,498.26,14
2018-11,367.58,14
2018-12,441.98,14
2002-09,362.33,15
2002-10,412.43,15
2002-11,372.6,15
2002-12,364.55,15
2003-01,527.08,15
2003-02,267.76,15
2003-03,675.59,15
2003-04,385.82,15
2003-05,397.06,15
2003-06,392.11,15
2003-07,354.62,15
2003-08,363.17,15
2003-09,351.06,15
2003-10,334.38,15
2003-11,371.49,15
2003-12,313.38,15
2004-01,364.86,15
2004-02,318.47,15
2004-03,328.52,15
2004-04,490.97,15
2004-05,382.34,15
2004-06,341.05,15
2004-07,705.26,15
2004-08,408.29,15
2004-09,337.98,15
2004-10,339.6,15
2004-11,413.27,15
2004-12,543.38,15
2005-01,549.93,15
2005-02,393.88,15
2005-03,551.27,15
2005-04,307.13,15
2005-05,467.9,15
2005-06,386.98,15
2005-07,422.05,15
2005-08,491.74,15
2005-09,395.52,15
2005-10,407.52,15
2005-11,343.24,15
2005-12,350.9,15
2006-01,383.14,15
2006-02,316.86,15
2006-03,419.6,15
2006-04,406.68,15
2006-05,271.44,15
2006-06,325.72,15
2006-07,505.85,15
2006-08,352.4,15
2006-09,328.13,15
2006-10,495.15,15
2006-11,541.34,15
2006-12,408.86,15
2007-01,372.48,15
2007-02,396.6,15
2007-03,367.31,15
2007-04,389.58,15
2007-05,388.32,15
2007-06,352.05,15
2007-07,466.82,15
2007-08,320.93,15
2007-09,354.7,15
2007-10,405.49,15
2007-11,353.01,15
2007-12,428.34,15
2008-01,597.69,15
2008-02,370.95,15
2008-03,522.18,15
2008-04,297.74,15
2008-05,381.95,15
2008-06,325.18,15
2008-07,384.64,15
2008-08,366.74,15
2008-09,389.24,15
2008-10,450.95,15
2008-11,340.63,15
2008-12,427.19,15
2009-01,449.0,15
2009-02,324.99,15
2009-03,580.52,15
2009-04,256.68,15
2009-05,327.52,15
2009-06,332.27,15
2009-07,348.45,15
2009-08,385.94,15
2009-09,355.85,15
2009-10,464.06,15
2009-11,431.29,15
2009-12,440.1,15
2010-01,348.41,15
2010-02,226.59,15
2010-03,343.43,15
2010-04,370.91,15
2010-05,376.93,15
2010-06,457.62,15
2010-07,355.54,15
2010-08,321.96,15
2010-09,332.62,15
2010-10,498.03,15
2010-11,322.88,15
2010-12,407.68,15
2011-01,390.54,15
2011-02,266.95,15
2011-03,426.38,15
2011-04,338.06,15
2011-05,284.82,15
2011-06,454.4,15
2011-07,318.05,15
2011-08,444.97,15
2011-09,529.65,15
2011-10,275.0,15
2011-11,355.77,15
2011-12,499.56,15
2012-01,594.82,15
2012-02,358.68,15
2012-03,592.6,15
2012-04,406.06,15
2012-05,469.24,15
2012-06,335.0,15
2012-07,497.87,15
2012-08,484.57,15
2012-09,424.96,15
2012-10,326.18,15
2012-11,445.59,15
2012-12,579.64,15
2013-01,310.73,15
2013-02,286.66,15
2013-03,458.77,15
2013-04,327.94,15
2013-05,538.28,15
2013-06,454.52,15
2013-07,612.38,15
2013-08,562.92,15
2013-09,602.75,15
2013-10,360.45,15
2013-11,461.92,15
2013-12,360.26,15
2014-01,417.87,15
2014-02,282.48,15
2014-03,373.71,15
2014-04,440.07,15
2014-05,382.95,15
2014-06,378.31,15
2014-07,550.12,15
2014-08,313.87,15
2014-09,382.45,15
2014-10,476.9,15
2014-11,435.54,15
2014-12,420.48,15
2015-01,466.25,15
2015-02,378.85,15
2015-03,469.81,15
2015-04,392.92,15
2015-05,347.84,15
2015-06,487.98,15
2015-07,396.9,15
2015-08,295.7,15
2015-09,483.23,15
2015-10,369.57,15
2015-11,422.55,15
2015-12,405.41,15
2016-01,439.88,15
2016-02,392.8,15
2016-03,439.8,15
2016-04,350.29,15
2016-05,328.13,15
2016-06,331.66,15
2016-07,330.24,15
2016-08,384.75,15
2016-09,395.48,15
2016-10,364.97,15
2016-11,391.23,15
2016-12,366.2,15
2017-01,634.49,15
2017-02,385.71,15
2017-03,415.53,15
2017-04,270.86,15
2017-05,362.06,15
2017-06,416.57,15
2017-07,445.47,15
2017-08,358.46,15
2017-09,286.31,15
2017-10,388.78,15
2017-11,447.73,15
2017-12,533.18,15
2018-01,329.82,15
2018-02,404.88,15
2018-03,423.35,15
2018-04,339.94,15
2018-05,319.32,15
2018-06,370.53,15
2018-07,368.23,15
2018-08,326.52,15
2018-09,433.66,15
2018-10,498.26,15
2018-11,367.58,15
2002-09,362.33,16
2002-10,412.43,16
2002-11,372.6,16
2002-12,364.55,16
2003-01,527.08,16
2003-02,267.76,16
2003-03,675.59,16
2003-04,385.82,16
2003-05,397.06,16
2003-06,392.11,16
2003-07,354.62,16
2003-08,363.17,16
2003-09,351.06,16
2003-10,334.38,16
2003-11,371.49,16
2003-12,313.38,16
2004-01,364.86,16
2004-02,318.47,16
2004-03,328.52,16
2004-04,490.97,16
2004-05,382.34,16
2004-06,341.05,16
2004-07,705.26,16
2004-08,408.29,16
2004-09,337.98,16
2004-10,339.6,16
2004-11,413.27,16
2004-12,543.38,16
2005-01,549.93,16
2005-02,393.88,16
2005-03,551.27,16
2005-04,307.13,16
2005-05,467.9,16
2005-06,386.98,16
2005-07,422.05,16
2005-08,491.74,16
2005-09,395.52,16
2005-10,407.52,16
2005-11,343.24,16
2005-12,350.9,16
2006-01,383.14,16
2006-02,316.86,16
2006-03,419.6,16
2006-04,406.68,16
2006-05,271.44,16
2006-06,325.72,16
2006-07,505.85,16
2006-08,352.4,16
2006-09,328.13,16
2006-10,495.15,16
2006-11,541.34,16
2006-12,408.86,16
2007-01,372.48,16
2007-02,396.6,16
2007-03,367.31,16
2007-04,389.58,16
2007-05,388.32,16
2007-06,352.05,16
2007-07,466.82,16
2007-08,320.93,16
2007-09,354.7,16
2007-10,405.49,16
2007-11,353.01,16
2007-12,428.34,16
2008-01,597.69,16
2008-02,370.95,16
2008-03,522.18,16
2008-04,297.74,16
2008-05,381.95,16
2008-06,325.18,16
2008-07,384.64,16
2008-08,366.74,16
2008-09,389.24,16
2008-10,450.95,16
2008-11,340.63,16
2008-12,427.19,16
2009-01,449.0,16
2009-02,324.99,16
2009-03,580.52,16
2009-04,256.68,16
2009-05,327.52,16
2009-06,332.27,16
2009-07,348.45,16
2009-08,385.94,16
2009-09,355.85,16
2009-10,464.06,16
2009-11,431.29,16
2009-12,440.1,16
2010-01,348.41,16
2010-02,226.59,16
2010-03,343.43,16
2010-04,370.91,16
2010-05,376.93,16
2010-06,457.62,16
2010-07,355.54,16
2010-08,321.96,16
2010-09,332.62,16
2010-10,498.03,16
2010-11,322.88,16
2010-12,407.68,16
2011-01,390.54,16
2011-02,266.95,16
2011-03,426.38,16
2011-04,338.06,16
2011-05,284.82,16
2011-06,454.4,16
2011-07,318.05,16
2011-08,444.97,16
2011-09,529.65,16
2011-10,275.0,16
2011-11,355.77,16
2011-12,499.56,16
2012-01,594.82,16
2012-02,358.68,16
2012-03,592.6,16
2012-04,406.06,16
2012-05,469.24,16
2012-06,335.0,16
2012-07,497.87,16
2012-08,484.57,16
2012-09,424.96,16
2012-10,326.18,16
2012-11,445.59,16
2012-12,579.64,16
2013-01,310.73,16
2013-02,286.66,16
2013-03,458.77,16
2013-04,327.94,16
2013-05,538.28,16
2013-06,454.52,16
2013-07,612.38,16
2013-08,562.92,16
2013-09,602.75,16
2013-10,360.45,16
2013-11,461.92,16
2013-12,360.26,16
2014-01,417.87,16
2014-02,282.48,16
2014-03,373.71,16
2014-04,440.07,16
2014-05,382.95,16
2014-06,378.31,16
2014-07,550.12,16
2014-08,313.87,16
2014-09,382.45,16
2014-10,476.9,16
2014-11,435.54,16
2014-12,420.48,16
2015-01,466.25,16
2015-02,378.85,16
2015-03,469.81,16
2015-04,392.92,16
2015-05,347.84,16
2015-06,487.98,16
2015-07,396.9,16
2015-08,295.7,16
2015-09,483.23,16
2015-10,369.57,16
2015-11,422.55,16
2015-12,405.41,16
2016-01,439.88,16
2016-02,392.8,16
2016-03,439.8,16
2016-04,350.29,16
2016-05,328.13,16
2016-06,331.66,16
2016-07,330.24,16
2016-08,384.75,16
2016-09,395.48,16
2016-10,364.97,16
2016-11,391.23,16
2016-12,366.2,16
2017-01,634.49,16
2017-02,385.71,16
2017-03,415.53,16
2017-04,270.86,16
2017-05,362.06,16
2017-06,416.57,16
2017-07,445.47,16
2017-08,358.46,16
2017-09,286.31,16
2017-10,388.78,16
2017-11,447.73,16
2017-12,533.18,16
2018-01,329.82,16
2018-02,404.88,16
2018-03,423.35,16
2018-04,339.94,16
2018-05,319.32,16
2018-06,370.53,16
2018-07,368.23,16
2018-08,326.52,16
2018-09,433.66,16
2018-10,498.26,16
2002-09,362.33,17
2002-10,412.43,17
2002-11,372.6,17
2002-12,364.55,17
2003-01,527.08,17
2003-02,267.76,17
2003-03,675.59,17
2003-04,385.82,17
2003-05,397.06,17
2003-06,392.11,17
2003-07,354.62,17
2003-08,363.17,17
2003-09,351.06,17
2003-10,334.38,17
2003-11,371.49,17
2003-12,313.38,17
2004-01,364.86,17
2004-02,318.47,17
2004-03,328.52,17
2004-04,490.97,17
2004-05,382.34,17
2004-06,341.05,17
2004-07,705.26,17
2004-08,408.29,17
2004-09,337.98,17
2004-10,339.6,17
2004-11,413.27,17
2004-12,543.38,17
2005-01,549.93,17
2005-02,393.88,17
2005-03,551.27,17
2005-04,307.13,17
2005-05,467.9,17
2005-06,386.98,17
2005-07,422.05,17
2005-08,491.74,17
2005-09,395.52,17
2005-10,407.52,17
2005-11,343.24,17
2005-12,350.9,17
2006-01,383.14,17
2006-02,316.86,17
2006-03,419.6,17
2006-04,406.68,17
2006-05,271.44,17
2006-06,325.72,17
2006-07,505.85,17
2006-08,352.4,17
2006-09,328.13,17
2006-10,495.15,17
2006-11,541.34,17
2006-12,408.86,17
2007-01,372.48,17
2007-02,396.6,17
2007-03,367.31,17
2007-04,389.58,17
2007-05,388.32,17
2007-06,352.05,17
2007-07,466.82,17
2007-08,320.93,17
2007-09,354.7,17
2007-10,405.49,17
2007-11,353.01,17
2007-12,428.34,17
2008-01,597.69,17
2008-02,370.95,17
2008-03,522.18,17
2008-04,297.74,17
2008-05,381.95,17
2008-06,325.18,17
2008-07,384.64,17
2008-08,366.74,17
2008-09,389.24,17
2008-10,450.95,17
2008-11,340.63,17
2008-12,427.19,17
2009-01,449.0,17
2009-02,324.99,17
2009-03,580.52,17
2009-04,256.68,17
2009-05,327.52,17
2009-06,332.27,17
2009-07,348.45,17
2009-08,385.94,17
2009-09,355.85,17
2009-10,464.06,17
2009-11,431.29,17
2009-12,440.1,17
2010-01,348.41,17
2010-02,226.59,17
2010-03,343.43,17
2010-04,370.91,17
2010-05,376.93,17
2010-06,457.62,17
2010-07,355.54,17
2010-08,321.96,17
2010-09,332.62,17
2010-10,498.03,17
2010-11,322.88,17
2010-12,407.68,17
2011-01,390.54,17
2011-02,266.95,17
2011-03,426.38,17
2011-04,338.06,17
2011-05,284.82,17
2011-06,454.4,17
2011-07,318.05,17
2011-08,444.97,17
2011-09,529.65,17
2011-10,275.0,17
2011-11,355.77,17
2011-12,499.56,17
2012-01,594.82,17
2012-02,358.68,17
2012-03,592.6,17
2012-04,406.06,17
2012-05,469.24,17
2012-06,335.0,17
2012-07,497.87,17
2012-08,484.57,17
2012-09,424.96,17
2012-10,326.18,17
2012-11,445.59,17
2012-12,579.64,17
2013-01,310.73,17
2013-02,286.66,17
2013-03,458.77,17
2013-04,327.94,17
2013-05,538.28,17
2013-06,454.52,17
2013-07,612.38,17
2013-08,562.92,17
2013-09,602.75,17
2013-10,360.45,17
2013-11,461.92,17
2013-12,360.26,17
2014-01,417.87,17
2014-02,282.48,17
2014-03,373.71,17
2014-04,440.07,17
2014-05,382.95,17
2014-06,378.31,17
2014-07,550.12,17
2014-08,313.87,17
2014-09,382.45,17
2014-10,476.9,17
2014-11,435.54,17
2014-12,420.48,17
2015-01,466.25,17
2015-02,378.85,17
2015-03,469.81,17
2015-04,392.92,17
2015-05,347.84,17
2015-06,487.98,17
2015-07,396.9,17
2015-08,295.7,17
2015-09,483.23,17
2015-10,369.57,17
2015-11,422.55,17
2015-12,405.41,17
2016-01,439.88,17
2016-02,392.8,17
2016-03,439.8,17
2016-04,350.29,17
2016-05,328.13,17
2016-06,331.66,17
2016-07,330.24,17
2016-08,384.75,17
2016-09,395.48,17
2016-10,364.97,17
2016-11,391.23,17
2016-12,366.2,17
2017-01,634.49,17
2017-02,385.71,17
2017-03,415.53,17
2017-04,270.86,17
2017-05,362.06,17
2017-06,416.57,17
2017-07,445.47,17
2017-08,358.46,17
2017-09,286.31,17
2017-10,388.78,17
2017-11,447.73,17
2017-12,533.18,17
2018-01,329.82,17
2018-02,404.88,17
2018-03,423.35,17
2018-04,339.94,17
2018-05,319.32,17
2018-06,370.53,17
2018-07,368.23,17
2018-08,326.52,17
2018-09,433.66,17
2002-09,362.33,18
2002-10,412.43,18
2002-11,372.6,18
2002-12,364.55,18
2003-01,527.08,18
2003-02,267.76,18
2003-03,675.59,18
2003-04,385.82,18
2003-05,397.06,18
2003-06,392.11,18
2003-07,354.62,18
2003-08,363.17,18
2003-09,351.06,18
2003-10,334.38,18
2003-11,371.49,18
2003-12,313.38,18
2004-01,364.86,18
2004-02,318.47,18
2004-03,328.52,18
2004-04,490.97,18
2004-05,382.34,18
2004-06,341.05,18
2004-07,705.26,18
2004-08,408.29,18
2004-09,337.98,18
2004-10,339.6,18
2004-11,413.27,18
2004-12,543.38,18
2005-01,549.93,18
2005-02,393.88,18
2005-03,551.27,18
2005-04,307.13,18
2005-05,467.9,18
2005-06,386.98,18
2005-07,422.05,18
2005-08,491.74,18
2005-09,395.52,18
2005-10,407.52,18
2005-11,343.24,18
2005-12,350.9,18
2006-01,383.14,18
2006-02,316.86,18
2006-03,419.6,18
2006-04,406.68,18
2006-05,271.44,18
2006-06,325.72,18
2006-07,505.85,18
2006-08,352.4,18
2006-09,328.13,18
2006-10,495.15,18
2006-11,541.34,18
2006-12,408.86,18
2007-01,372.48,18
2007-02,396.6,18
2007-03,367.31,18
2007-04,389.58,18
2007-05,388.32,18
2007-06,352.05,18
2007-07,466.82,18
2007-08,320.93,18
2007-09,354.7,18
2007-10,405.49,18
2007-11,353.01,18
2007-12,428.34,18
2008-01,597.69,18
2008-02,370.95,18
2008-03,522.18,18
2008-04,297.74,18
2008-05,381.95,18
2008-06,325.18,18
2008-07,384.64,18
2008-08,366.74,18
2008-09,389.24,18
2008-10,450.95,18
2008-11,340.63,18
2008-12,427.19,18
2009-01,449.0,18
2009-02,324.99,18
2009-03,580.52,18
2009-04,256.68,18
2009-05,327.52,18
2009-06,332.27,18
2009-07,348.45,18
2009-08,385.94,18
2009-09,355.85,18
2009-10,464.06,18
2009-11,431.29,18
2009-12,440.1,18
2010-01,348.41,18
2010-02,226.59,18
2010-03,343.43,18
2010-04,370.91,18
2010-05,376.93,18
2010-06,457.62,18
2010-07,355.54,18
2010-08,321.96,18
2010-09,332.62,18
2010-10,498.03,18
2010-11,322.88,18
2010-12,407.68,18
2011-01,390.54,18
2011-02,266.95,18
2011-03,426.38,18
2011-04,338.06,18
2011-05,284.82,18
2011-06,454.4,18
2011-07,318.05,18
2011-08,444.97,18
2011-09,529.65,18
2011-10,275.0,18
2011-11,355.77,18
2011-12,499.56,18
2012-01,594.82,18
2012-02,358.68,18
2012-03,592.6,18
2012-04,406.06,18
2012-05,469.24,18
2012-06,335.0,18
2012-07,497.87,18
2012-08,484.57,18
2012-09,424.96,18
2012-10,326.18,18
2012-11,445.59,18
2012-12,579.64,18
2013-01,310.73,18
2013-02,286.66,18
2013-03,458.77,18
2013-04,327.94,18
2013-05,538.28,18
2013-06,454.52,18
2013-07,612.38,18
2013-08,562.92,18
2013-09,602.75,18
2013-10,360.45,18
2013-11,461.92,18
2013-12,360.26,18
2014-01,417.87,18
2014-02,282.48,18
2014-03,373.71,18
2014-04,440.07,18
2014-05,382.95,18
2014-06,378.31,18
2014-07,550.12,18
2014-08,313.87,18
2014-09,382.45,18
2014-10,476.9,18
2014-11,435.54,18
2014-12,420.48,18
2015-01,466.25,18
2015-02,378.85,18
2015-03,469.81,18
2015-04,392.92,18
2015-05,347.84,18
2015-06,487.98,18
2015-07,396.9,18
2015-08,295.7,18
2015-09,483.23,18
2015-10,369.57,18
2015-11,422.55,18
2015-12,405.41,18
2016-01,439.88,18
2016-02,392.8,18
2016-03,439.8,18
2016-04,350.29,18
2016-05,328.13,18
2016-06,331.66,18
2016-07,330.24,18
2016-08,384.75,18
2016-09,395.48,18
2016-10,364.97,18
2016-11,391.23,18
2016-12,366.2,18
2017-01,634.49,18
2017-02,385.71,18
2017-03,415.53,18
2017-04,270.86,18
2017-05,362.06,18
2017-06,416.57,18
2017-07,445.47,18
2017-08,358.46,18
2017-09,286.31,18
2017-10,388.78,18
2017-11,447.73,18
2017-12,533.18,18
2018-01,329.82,18
2018-02,404.88,18
2018-03,423.35,18
2018-04,339.94,18
2018-05,319.32,18
2018-06,370.53,18
2018-07,368.23,18
2018-08,326.52,18
2002-09,362.33,19
2002-10,412.43,19
2002-11,372.6,19
2002-12,364.55,19
2003-01,527.08,19
2003-02,267.76,19
2003-03,675.59,19
2003-04,385.82,19
2003-05,397.06,19
2003-06,392.11,19
2003-07,354.62,19
2003-08,363.17,19
2003-09,351.06,19
2003-10,334.38,19
2003-11,371.49,19
2003-12,313.38,19
2004-01,364.86,19
2004-02,318.47,19
2004-03,328.52,19
2004-04,490.97,19
2004-05,382.34,19
2004-06,341.05,19
2004-07,705.26,19
2004-08,408.29,19
2004-09,337.98,19
2004-10,339.6,19
2004-11,413.27,19
2004-12,543.38,19
2005-01,549.93,19
2005-02,393.88,19
2005-03,551.27,19
2005-04,307.13,19
2005-05,467.9,19
2005-06,386.98,19
2005-07,422.05,19
2005-08,491.74,19
2005-09,395.52,19
2005-10,407.52,19
2005-11,343.24,19
2005-12,350.9,19
2006-01,383.14,19
2006-02,316.86,19
2006-03,419.6,19
2006-04,406.68,19
2006-05,271.44,19
2006-06,325.72,19
2006-07,505.85,19
2006-08,352.4,19
2006-09,328.13,19
2006-10,495.15,19
2006-11,541.34,19
2006-12,408.86,19
2007-01,372.48,19
2007-02,396.6,19
2007-03,367.31,19
2007-04,389.58,19
2007-05,388.32,19
2007-06,352.05,19
2007-07,466.82,19
2007-08,320.93,19
2007-09,354.7,19
2007-10,405.49,19
2007-11,353.01,19
2007-12,428.34,19
2008-01,597.69,19
2008-02,370.95,19
2008-03,522.18,19
2008-04,297.74,19
2008-05,381.95,19
2008-06,325.18,19
2008-07,384.64,19
2008-08,366.74,19
2008-09,389.24,19
2008-10,450.95,19
2008-11,340.63,19
2008-12,427.19,19
2009-01,449.0,19
2009-02,324.99,19
2009-03,580.52,19
2009-04,256.68,19
2009-05,327.52,19
2009-06,332.27,19
2009-07,348.45,19
2009-08,385.94,19
2009-09,355.85,19
2009-10,464.06,19
2009-11,431.29,19
2009-12,440.1,19
2010-01,348.41,19
2010-02,226.59,19
2010-03,343.43,19
2010-04,370.91,19
2010-05,376.93,19
2010-06,457.62,19
2010-07,355.54,19
2010-08,321.96,19
2010-09,332.62,19
2010-10,498.03,19
2010-11,322.88,19
2010-12,407.68,19
2011-01,390.54,19
2011-02,266.95,19
2011-03,426.38,19
2011-04,338.06,19
2011-05,284.82,19
2011-06,454.4,19
2011-07,318.05,19
2011-08,444.97,19
2011-09,529.65,19
2011-10,275.0,19
2011-11,355.77,19
2011-12,499.56,19
2012-01,594.82,19
2012-02,358.68,19
2012-03,592.6,19
2012-04,406.06,19
2012-05,469.24,19
2012-06,335.0,19
2012-07,497.87,19
2012-08,484.57,19
2012-09,424.96,19
2012-10,326.18,19
2012-11,445.59,19
2012-12,579.64,19
2013-01,310.73,19
2013-02,286.66,19
2013-03,458.77,19
2013-04,327.94,19
2013-05,538.28,19
2013-06,454.52,19
2013-07,612.38,19
2013-08,562.92,19
2013-09,602.75,19
2013-10,360.45,19
2013-11,461.92,19
2013-12,360.26,19
2014-01,417.87,19
2014-02,282.48,19
2014-03,373.71,19
2014-04,440.07,19
2014-05,382.95,19
2014-06,378.31,19
2014-07,550.12,19
2014-08,313.87,19
2014-09,382.45,19
2014-10,476.9,19
2014-11,435.54,19
2014-12,420.48,19
2015-01,466.25,19
2015-02,378.85,19
2015-03,469.81,19
2015-04,392.92,19
2015-05,347.84,19
2015-06,487.98,19
2015-07,396.9,19
2015-08,295.7,19
2015-09,483.23,19
2015-10,369.57,19
2015-11,422.55,19
2015-12,405.41,19
2016-01,439.88,19
2016-02,392.8,19
2016-03,439.8,19
2016-04,350.29,19
2016-05,328.13,19
2016-06,331.66,19
2016-07,330.24,19
2016-08,384.75,19
2016-09,395.48,19
2016-10,364.97,19
2016-11,391.23,19
2016-12,366.2,19
2017-01,634.49,19
2017-02,385.71,19
2017-03,415.53,19
2017-04,270.86,19
2017-05,362.06,19
2017-06,416.57,19
2017-07,445.47,19
2017-08,358.46,19
2017-09,286.31,19
2017-10,388.78,19
2017-11,447.73,19
2017-12,533.18,19
2018-01,329.82,19
2018-02,404.88,19
2018-03,423.35,19
2018-04,339.94,19
2018-05,319.32,19
2018-06,370.53,19
2018-07,368.23,19
2002-09,362.33,20
2002-10,412.43,20
2002-11,372.6,20
2002-12,364.55,20
2003-01,527.08,20
2003-02,267.76,20
2003-03,675.59,20
2003-04,385.82,20
2003-05,397.06,20
2003-06,392.11,20
2003-07,354.62,20
2003-08,363.17,20
2003-09,351.06,20
2003-10,334.38,20
2003-11,371.49,20
2003-12,313.38,20
2004-01,364.86,20
2004-02,318.47,20
2004-03,328.52,20
2004-04,490.97,20
2004-05,382.34,20
2004-06,341.05,20
2004-07,705.26,20
2004-08,408.29,20
2004-09,337.98,20
2004-10,339.6,20
2004-11,413.27,20
2004-12,543.38,20
2005-01,549.93,20
2005-02,393.88,20
2005-03,551.27,20
2005-04,307.13,20
2005-05,467.9,20
2005-06,386.98,20
2005-07,422.05,20
2005-08,491.74,20
2005-09,395.52,20
2005-10,407.52,20
2005-11,343.24,20
2005-12,350.9,20
2006-01,383.14,20
2006-02,316.86,20
2006-03,419.6,20
2006-04,406.68,20
2006-05,271.44,20
2006-06,325.72,20
2006-07,505.85,20
2006-08,352.4,20
2006-09,328.13,20
2006-10,495.15,20
2006-11,541.34,20
2006-12,408.86,20
2007-01,372.48,20
2007-02,396.6,20
2007-03,367.31,20
2007-04,389.58,20
2007-05,388.32,20
2007-06,352.05,20
2007-07,466.82,20
2007-08,320.93,20
2007-09,354.7,20
2007-10,405.49,20
2007-11,353.01,20
2007-12,428.34,20
2008-01,597.69,20
2008-02,370.95,20
2008-03,522.18,20
2008-04,297.74,20
2008-05,381.95,20
2008-06,325.18,20
2008-07,384.64,20
2008-08,366.74,20
2008-09,389.24,20
2008-10,450.95,20
2008-11,340.63,20
2008-12,427.19,20
2009-01,449.0,20
2009-02,324.99,20
2009-03,580.52,20
2009-04,256.68,20
2009-05,327.52,20
2009-06,332.27,20
2009-07,348.45,20
2009-08,385.94,20
2009-09,355.85,20
2009-10,464.06,20
2009-11,431.29,20
2009-12,440.1,20
2010-01,348.41,20
2010-02,226.59,20
2010-03,343.43,20
2010-04,370.91,20
2010-05,376.93,20
2010-06,457.62,20
2010-07,355.54,20
2010-08,321.96,20
2010-09,332.62,20
2010-10,498.03,20
2010-11,322.88,20
2010-12,407.68,20
2011-01,390.54,20
2011-02,266.95,20
2011-03,426.38,20
2011-04,338.06,20
2011-05,284.82,20
2011-06,454.4,20
2011-07,318.05,20
2011-08,444.97,20
2011-09,529.65,20
2011-10,275.0,20
2011-11,355.77,20
2011-12,499.56,20
2012-01,594.82,20
2012-02,358.68,20
2012-03,592.6,20
2012-04,406.06,20
2012-05,469.24,20
2012-06,335.0,20
2012-07,497.87,20
2012-08,484.57,20
2012-09,424.96,20
2012-10,326.18,20
2012-11,445.59,20
2012-12,579.64,20
2013-01,310.73,20
2013-02,286.66,20
2013-03,458.77,20
2013-04,327.94,20
2013-05,538.28,20
2013-06,454.52,20
2013-07,612.38,20
2013-08,562.92,20
2013-09,602.75,20
2013-10,360.45,20
2013-11,461.92,20
2013-12,360.26,20
2014-01,417.87,20
2014-02,282.48,20
2014-03,373.71,20
2014-04,440.07,20
2014-05,382.95,20
2014-06,378.31,20
2014-07,550.12,20
2014-08,313.87,20
2014-09,382.45,20
2014-10,476.9,20
2014-11,435.54,20
2014-12,420.48,20
2015-01,466.25,20
2015-02,378.85,20
2015-03,469.81,20
2015-04,392.92,20
2015-05,347.84,20
2015-06,487.98,20
2015-07,396.9,20
2015-08,295.7,20
2015-09,483.23,20
2015-10,369.57,20
2015-11,422.55,20
2015-12,405.41,20
2016-01,439.88,20
2016-02,392.8,20
2016-03,439.8,20
2016-04,350.29,20
2016-05,328.13,20
2016-06,331.66,20
2016-07,330.24,20
2016-08,384.75,20
2016-09,395.48,20
2016-10,364.97,20
2016-11,391.23,20
2016-12,366.2,20
2017-01,634.49,20
2017-02,385.71,20
2017-03,415.53,20
2017-04,270.86,20
2017-05,362.06,20
2017-06,416.57,20
2017-07,445.47,20
2017-08,358.46,20
2017-09,286.31,20
2017-10,388.78,20
2017-11,447.73,20
2017-12,533.18,20
2018-01,329.82,20
2018-02,404.88,20
2018-03,423.35,20
2018-04,339.94,20
2018-05,319.32,20
2018-06,370.53,20
2002-09,362.33,21
2002-10,412.43,21
2002-11,372.6,21
2002-12,364.55,21
2003-01,527.08,21
2003-02,267.76,21
2003-03,675.59,21
2003-04,385.82,21
2003-05,397.06,21
2003-06,392.11,21
2003-07,354.62,21
2003-08,363.17,21
2003-09,351.06,21
2003-10,334.38,21
2003-11,371.49,21
2003-12,313.38,21
2004-01,364.86,21
2004-02,318.47,21
2004-03,328.52,21
2004-04,490.97,21
2004-05,382.34,21
2004-06,341.05,21
2004-07,705.26,21
2004-08,408.29,21
2004-09,337.98,21
2004-10,339.6,21
2004-11,413.27,21
2004-12,543.38,21
2005-01,549.93,21
2005-02,393.88,21
2005-03,551.27,21
2005-04,307.13,21
2005-05,467.9,21
2005-06,386.98,21
2005-07,422.05,21
2005-08,491.74,21
2005-09,395.52,21
2005-10,407.52,21
2005-11,343.24,21
2005-12,350.9,21
2006-01,383.14,21
2006-02,316.86,21
2006-03,419.6,21
2006-04,406.68,21
2006-05,271.44,21
2006-06,325.72,21
2006-07,505.85,21
2006-08,352.4,21
2006-09,328.13,21
2006-10,495.15,21
2006-11,541.34,21
2006-12,408.86,21
2007-01,372.48,21
2007-02,396.6,21
2007-03,367.31,21
2007-04,389.58,21
2007-05,388.32,21
2007-06,352.05,21
2007-07,466.82,21
2007-08,320.93,21
2007-09,354.7,21
2007-10,405.49,21
2007-11,353.01,21
2007-12,428.34,21
2008-01,597.69,21
2008-02,370.95,21
2008-03,522.18,21
2008-04,297.74,21
2008-05,381.95,21
2008-06,325.18,21
2008-07,384.64,21
2008-08,366.74,21
2008-09,389.24,21
2008-10,450.95,21
2008-11,340.63,21
2008-12,427.19,21
2009-01,449.0,21
2009-02,324.99,21
2009-03,580.52,21
2009-04,256.68,21
2009-05,327.52,21
2009-06,332.27,21
2009-07,348.45,21
2009-08,385.94,21
2009-09,355.85,21
2009-10,464.06,21
2009-11,431.29,21
2009-12,440.1,21
2010-01,348.41,21
2010-02,226.59,21
2010-03,343.43,21
2010-04,370.91,21
2010-05,376.93,21
2010-06,457.62,21
2010-07,355.54,21
2010-08,321.96,21
2010-09,332.62,21
2010-10,498.03,21
2010-11,322.88,21
2010-12,407.68,21
2011-01,390.54,21
2011-02,266.95,21
2011-03,426.38,21
2011-04,338.06,21
2011-05,284.82,21
2011-06,454.4,21
2011-07,318.05,21
2011-08,444.97,21
2011-09,529.65,21
2011-10,275.0,21
2011-11,355.77,21
2011-12,499.56,21
2012-01,594.82,21
2012-02,358.68,21
2012-03,592.6,21
2012-04,406.06,21
2012-05,469.24,21
2012-06,335.0,21
2012-07,497.87,21
2012-08,484.57,21
2012-09,424.96,21
2012-10,326.18,21
2012-11,445.59,21
2012-12,579.64,21
2013-01,310.73,21
2013-02,286.66,21
2013-03,458.77,21
2013-04,327.94,21
2013-05,538.28,21
2013-06,454.52,21
2013-07,612.38,21
2013-08,562.92,21
2013-09,602.75,21
2013-10,360.45,21
2013-11,461.92,21
2013-12,360.26,21
2014-01,417.87,21
2014-02,282.48,21
2014-03,373.71,21
2014-04,440.07,21
2014-05,382.95,21
2014-06,378.31,21
2014-07,550.12,21
2014-08,313.87,21
2014-09,382.45,21
2014-10,476.9,21
2014-11,435.54,21
2014-12,420.48,21
2015-01,466.25,21
2015-02,378.85,21
2015-03,469.81,21
2015-04,392.92,21
2015-05,347.84,21
2015-06,487.98,21
2015-07,396.9,21
2015-08,295.7,21
2015-09,483.23,21
2015-10,369.57,21
2015-11,422.55,21
2015-12,405.41,21
2016-01,439.88,21
2016-02,392.8,21
2016-03,439.8,21
2016-04,350.29,21
2016-05,328.13,21
2016-06,331.66,21
2016-07,330.24,21
2016-08,384.75,21
2016-09,395.48,21
2016-10,364.97,21
2016-11,391.23,21
2016-12,366.2,21
2017-01,634.49,21
2017-02,385.71,21
2017-03,415.53,21
2017-04,270.86,21
2017-05,362.06,21
2017-06,416.57,21
2017-07,445.47,21
2017-08,358.46,21
2017-09,286.31,21
2017-10,388.78,21
2017-11,447.73,21
2017-12,533.18,21
2018-01,329.82,21
2018-02,404.88,21
2018-03,423.35,21
2018-04,339.94,21
2018-05,319.32,21
2002-09,362.33,22
2002-10,412.43,22
2002-11,372.6,22
2002-12,364.55,22
2003-01,527.08,22
2003-02,267.76,22
2003-03,675.59,22
2003-04,385.82,22
2003-05,397.06,22
2003-06,392.11,22
2003-07,354.62,22
2003-08,363.17,22
2003-09,351.06,22
2003-10,334.38,22
2003-11,371.49,22
2003-12,313.38,22
2004-01,364.86,22
2004-02,318.47,22
2004-03,328.52,22
2004-04,490.97,22
2004-05,382.34,22
2004-06,341.05,22
2004-07,705.26,22
2004-08,408.29,22
2004-09,337.98,22
2004-10,339.6,22
2004-11,413.27,22
2004-12,543.38,22
2005-01,549.93,22
2005-02,393.88,22
2005-03,551.27,22
2005-04,307.13,22
2005-05,467.9,22
2005-06,386.98,22
2005-07,422.05,22
2005-08,491.74,22
2005-09,395.52,22
2005-10,407.52,22
2005-11,343.24,22
2005-12,350.9,22
2006-01,383.14,22
2006-02,316.86,22
2006-03,419.6,22
2006-04,406.68,22
2006-05,271.44,22
2006-06,325.72,22
2006-07,505.85,22
2006-08,352.4,22
2006-09,328.13,22
2006-10,495.15,22
2006-11,541.34,22
2006-12,408.86,22
2007-01,372.48,22
2007-02,396.6,22
2007-03,367.31,22
2007-04,389.58,22
2007-05,388.32,22
2007-06,352.05,22
2007-07,466.82,22
2007-08,320.93,22
2007-09,354.7,22
2007-10,405.49,22
2007-11,353.01,22
2007-12,428.34,22
2008-01,597.69,22
2008-02,370.95,22
2008-03,522.18,22
2008-04,297.74,22
2008-05,381.95,22
2008-06,325.18,22
2008-07,384.64,22
2008-08,366.74,22
2008-09,389.24,22
2008-10,450.95,22
2008-11,340.63,22
2008-12,427.19,22
2009-01,449.0,22
2009-02,324.99,22
2009-03,580.52,22
2009-04,256.68,22
2009-05,327.52,22
2009-06,332.27,22
2009-07,348.45,22
2009-08,385.94,22
2009-09,355.85,22
2009-10,464.06,22
2009-11,431.29,22
2009-12,440.1,22
2010-01,348.41,22
2010-02,226.59,22
2010-03,343.43,22
2010-04,370.91,22
2010-05,376.93,22
2010-06,457.62,22
2010-07,355.54,22
2010-08,321.96,22
2010-09,332.62,22
2010-10,498.03,22
2010-11,322.88,22
2010-12,407.68,22
2011-01,390.54,22
2011-02,266.95,22
2011-03,426.38,22
2011-04,338.06,22
2011-05,284.82,22
2011-06,454.4,22
2011-07,318.05,22
2011-08,444.97,22
2011-09,529.65,22
2011-10,275.0,22
2011-11,355.77,22
2011-12,499.56,22
2012-01,594.82,22
2012-02,358.68,22
2012-03,592.6,22
2012-04,406.06,22
2012-05,469.24,22
2012-06,335.0,22
2012-07,497.87,22
2012-08,484.57,22
2012-09,424.96,22
2012-10,326.18,22
2012-11,445.59,22
2012-12,579.64,22
2013-01,310.73,22
2013-02,286.66,22
2013-03,458.77,22
2013-04,327.94,22
2013-05,538.28,22
2013-06,454.52,22
2013-07,612.38,22
2013-08,562.92,22
2013-09,602.75,22
2013-10,360.45,22
2013-11,461.92,22
2013-12,360.26,22
2014-01,417.87,22
2014-02,282.48,22
2014-03,373.71,22
2014-04,440.07,22
2014-05,382.95,22
2014-06,378.31,22
2014-07,550.12,22
2014-08,313.87,22
2014-09,382.45,22
2014-10,476.9,22
2014-11,435.54,22
2014-12,420.48,22
2015-01,466.25,22
2015-02,378.85,22
2015-03,469.81,22
2015-04,392.92,22
2015-05,347.84,22
2015-06,487.98,22
2015-07,396.9,22
2015-08,295.7,22
2015-09,483.23,22
2015-10,369.57,22
2015-11,422.55,22
2015-12,405.41,22
2016-01,439.88,22
2016-02,392.8,22
2016-03,439.8,22
2016-04,350.29,22
2016-05,328.13,22
2016-06,331.66,22
2016-07,330.24,22
2016-08,384.75,22
2016-09,395.48,22
2016-10,364.97,22
2016-11,391.23,22
2016-12,366.2,22
2017-01,634.49,22
2017-02,385.71,22
2017-03,415.53,22
2017-04,270.86,22
2017-05,362.06,22
2017-06,416.57,22
2017-07,445.47,22
2017-08,358.46,22
2017-09,286.31,22
2017-10,388.78,22
2017-11,447.73,22
2017-12,533.18,22
2018-01,329.82,22
2018-02,404.88,22
2018-03,423.35,22
2018-04,339.94,22
2002-09,362.33,23
2002-10,412.43,23
2002-11,372.6,23
2002-12,364.55,23
2003-01,527.08,23
2003-02,267.76,23
2003-03,675.59,23
2003-04,385.82,23
2003-05,397.06,23
2003-06,392.11,23
2003-07,354.62,23
2003-08,363.17,23
2003-09,351.06,23
2003-10,334.38,23
2003-11,371.49,23
2003-12,313.38,23
2004-01,364.86,23
2004-02,318.47,23
2004-03,328.52,23
2004-04,490.97,23
2004-05,382.34,23
2004-06,341.05,23
2004-07,705.26,23
2004-08,408.29,23
2004-09,337.98,23
2004-10,339.6,23
2004-11,413.27,23
2004-12,543.38,23
2005-01,549.93,23
2005-02,393.88,23
2005-03,551.27,23
2005-04,307.13,23
2005-05,467.9,23
2005-06,386.98,23
2005-07,422.05,23
2005-08,491.74,23
2005-09,395.52,23
2005-10,407.52,23
2005-11,343.24,23
2005-12,350.9,23
2006-01,383.14,23
2006-02,316.86,23
2006-03,419.6,23
2006-04,406.68,23
2006-05,271.44,23
2006-06,325.72,23
2006-07,505.85,23
2006-08,352.4,23
2006-09,328.13,23
2006-10,495.15,23
2006-11,541.34,23
2006-12,408.86,23
2007-01,372.48,23
2007-02,396.6,23
2007-03,367.31,23
2007-04,389.58,23
2007-05,388.32,23
2007-06,352.05,23
2007-07,466.82,23
2007-08,320.93,23
2007-09,354.7,23
2007-10,405.49,23
2007-11,353.01,23
2007-12,428.34,23
2008-01,597.69,23
2008-02,370.95,23
2008-03,522.18,23
2008-04,297.74,23
2008-05,381.95,23
2008-06,325.18,23
2008-07,384.64,23
2008-08,366.74,23
2008-09,389.24,23
2008-10,450.95,23
2008-11,340.63,23
2008-12,427.19,23
2009-01,449.0,23
2009-02,324.99,23
2009-03,580.52,23
2009-04,256.68,23
2009-05,327.52,23
2009-06,332.27,23
2009-07,348.45,23
2009-08,385.94,23
2009-09,355.85,23
2009-10,464.06,23
2009-11,431.29,23
2009-12,440.1,23
2010-01,348.41,23
2010-02,226.59,23
2010-03,343.43,23
2010-04,370.91,23
2010-05,376.93,23
2010-06,457.62,23
2010-07,355.54,23
2010-08,321.96,23
2010-09,332.62,23
2010-10,498.03,23
2010-11,322.88,23
2010-12,407.68,23
2011-01,390.54,23
2011-02,266.95,23
2011-03,426.38,23
2011-04,338.06,23
2011-05,284.82,23
2011-06,454.4,23
2011-07,318.05,23
2011-08,444.97,23
2011-09,529.65,23
2011-10,275.0,23
2011-11,355.77,23
2011-12,499.56,23
2012-01,594.82,23
2012-02,358.68,23
2012-03,592.6,23
2012-04,406.06,23
2012-05,469.24,23
2012-06,335.0,23
2012-07,497.87,23
2012-08,484.57,23
2012-09,424.96,23
2012-10,326.18,23
2012-11,445.59,23
2012-12,579.64,23
2013-01,310.73,23
2013-02,286.66,23
2013-03,458.77,23
2013-04,327.94,23
2013-05,538.28,23
2013-06,454.52,23
2013-07,612.38,23
2013-08,562.92,23
2013-09,602.75,23
2013-10,360.45,23
2013-11,461.92,23
2013-12,360.26,23
2014-01,417.87,23
2014-02,282.48,23
2014-03,373.71,23
2014-04,440.07,23
2014-05,382.95,23
2014-06,378.31,23
2014-07,550.12,23
2014-08,313.87,23
2014-09,382.45,23
2014-10,476.9,23
2014-11,435.54,23
2014-12,420.48,23
2015-01,466.25,23
2015-02,378.85,23
2015-03,469.81,23
2015-04,392.92,23
2015-05,347.84,23
2015-06,487.98,23
2015-07,396.9,23
2015-08,295.7,23
2015-09,483.23,23
2015-10,369.57,23
2015-11,422.55,23
2015-12,405.41,23
2016-01,439.88,23
2016-02,392.8,23
2016-03,439.8,23
2016-04,350.29,23
2016-05,328.13,23
2016-06,331.66,23
2016-07,330.24,23
2016-08,384.75,23
2016-09,395.48,23
2016-10,364.97,23
2016-11,391.23,23
2016-12,366.2,23
2017-01,634.49,23
2017-02,385.71,23
2017-03,415.53,23
2017-04,270.86,23
2017-05,362.06,23
2017-06,416.57,23
2017-07,445.47,23
2017-08,358.46,23
2017-09,286.31,23
2017-10,388.78,23
2017-11,447.73,23
2017-12,533.18,23
2018-01,329.82,23
2018-02,404.88,23
2018-03,423.35,23
2002-09,362.33,24
2002-10,412.43,24
2002-11,372.6,24
2002-12,364.55,24
2003-01,527.08,24
2003-02,267.76,24
2003-03,675.59,24
2003-04,385.82,24
2003-05,397.06,24
2003-06,392.11,24
2003-07,354.62,24
2003-08,363.17,24
2003-09,351.06,24
2003-10,334.38,24
2003-11,371.49,24
2003-12,313.38,24
2004-01,364.86,24
2004-02,318.47,24
2004-03,328.52,24
2004-04,490.97,24
2004-05,382.34,24
2004-06,341.05,24
2004-07,705.26,24
2004-08,408.29,24
2004-09,337.98,24
2004-10,339.6,24
2004-11,413.27,24
2004-12,543.38,24
2005-01,549.93,24
2005-02,393.88,24
2005-03,551.27,24
2005-04,307.13,24
2005-05,467.9,24
2005-06,386.98,24
2005-07,422.05,24
2005-08,491.74,24
2005-09,395.52,24
2005-10,407.52,24
2005-11,343.24,24
2005-12,350.9,24
2006-01,383.14,24
2006-02,316.86,24
2006-03,419.6,24
2006-04,406.68,24
2006-05,271.44,24
2006-06,325.72,24
2006-07,505.85,24
2006-08,352.4,24
2006-09,328.13,24
2006-10,495.15,24
2006-11,541.34,24
2006-12,408.86,24
2007-01,372.48,24
2007-02,396.6,24
2007-03,367.31,24
2007-04,389.58,24
2007-05,388.32,24
2007-06,352.05,24
2007-07,466.82,24
2007-08,320.93,24
2007-09,354.7,24
2007-10,405.49,24
2007-11,353.01,24
2007-12,428.34,24
2008-01,597.69,24
2008-02,370.95,24
2008-03,522.18,24
2008-04,297.74,24
2008-05,381.95,24
2008-06,325.18,24
2008-07,384.64,24
2008-08,366.74,24
2008-09,389.24,24
2008-10,450.95,24
2008-11,340.63,24
2008-12,427.19,24
2009-01,449.0,24
2009-02,324.99,24
2009-03,580.52,24
2009-04,256.68,24
2009-05,327.52,24
2009-06,332.27,24
2009-07,348.45,24
2009-08,385.94,24
2009-09,355.85,24
2009-10,464.06,24
2009-11,431.29,24
2009-12,440.1,24
2010-01,348.41,24
2010-02,226.59,24
2010-03,343.43,24
2010-04,370.91,24
2010-05,376.93,24
2010-06,457.62,24
2010-07,355.54,24
2010-08,321.96,24
2010-09,332.62,24
2010-10,498.03,24
2010-11,322.88,24
2010-12,407.68,24
2011-01,390.54,24
2011-02,266.95,24
2011-03,426.38,24
2011-04,338.06,24
2011-05,284.82,24
2011-06,454.4,24
2011-07,318.05,24
2011-08,444.97,24
2011-09,529.65,24
2011-10,275.0,24
2011-11,355.77,24
2011-12,499.56,24
2012-01,594.82,24
2012-02,358.68,24
2012-03,592.6,24
2012-04,406.06,24
2012-05,469.24,24
2012-06,335.0,24
2012-07,497.87,24
2012-08,484.57,24
2012-09,424.96,24
2012-10,326.18,24
2012-11,445.59,24
2012-12,579.64,24
2013-01,310.73,24
2013-02,286.66,24
2013-03,458.77,24
2013-04,327.94,24
2013-05,538.28,24
2013-06,454.52,24
2013-07,612.38,24
2013-08,562.92,24
2013-09,602.75,24
2013-10,360.45,24
2013-11,461.92,24
2013-12,360.26,24
2014-01,417.87,24
2014-02,282.48,24
2014-03,373.71,24
2014-04,440.07,24
2014-05,382.95,24
2014-06,378.31,24
2014-07,550.12,24
2014-08,313.87,24
2014-09,382.45,24
2014-10,476.9,24
2014-11,435.54,24
2014-12,420.48,24
2015-01,466.25,24
2015-02,378.85,24
2015-03,469.81,24
2015-04,392.92,24
2015-05,347.84,24
2015-06,487.98,24
2015-07,396.9,24
2015-08,295.7,24
2015-09,483.23,24
2015-10,369.57,24
2015-11,422.55,24
2015-12,405.41,24
2016-01,439.88,24
2016-02,392.8,24
2016-03,439.8,24
2016-04,350.29,24
2016-05,328.13,24
2016-06,331.66,24
2016-07,330.24,24
2016-08,384.75,24
2016-09,395.48,24
2016-10,364.97,24
2016-11,391.23,24
2016-12,366.2,24
2017-01,634.49,24
2017-02,385.71,24
2017-03,415.53,24
2017-04,270.86,24
2017-05,362.06,24
2017-06,416.57,24
2017-07,445.47,24
2017-08,358.46,24
2017-09,286.31,24
2017-10,388.78,24
2017-11,447.73,24
2017-12,533.18,24
2018-01,329.82,24
2018-02,404.88,24
